1,0.0,0.0,0.0,-1,-1,-1,-1
-1,0.0,0.0,0.0,-1,-1,-1,-1
0,-0.26666666666666666,0.0,0.13333333333333333,-1,-1,-1,-1
-1,0.0,0.0,0.0,-1,-1,-1,-1
1,0.375,0.14285714285714285,0.0,-1,-1,-1,-1
1,0.525,0.13333333333333333,0.0,-1,-1,-1,-1
0,0.6,0.1,0.0,-1,-1,-1,-1
1,0.32063492063492066,0.1,0.05,-1,-1,-1,-1
0,0.0,0.0,0.0,-1,-1,-1,-1
1,0.0,0.0,0.0,-1,-1,-1,-1
0,0.13999999999999996,0.13333333333333333,0.13333333333333333,-1,-1,-1,-1
0,0.375,0.1,0.0,-1,-1,-1,-1
0,1.0,0.0625,0.0,-1,-1,-1,-1
1,0.625,0.2,0.0,-1,-1,-1,-1
0,0.0,0.0,0.0,-1,-1,-1,-1
-1,0.0,0.0,0.0,-1,-1,-1,-1
-1,0.1708333333333333,0.2,0.1,-1,-1,-1,-1
1,0.0,0.0,0.0,-1,-1,-1,-1
1,1.0,0.06666666666666667,0.0,-1,-1,-1,-1
1,0.0,0.0,0.0,-1,-1,-1,-1
1,0.0,0.0,0.0,-1,-1,-1,-1
1,0.6000000000000001,0.1,0.0,-1,-1,-1,-1
1,0.2,0.058823529411764705,0.0,-1,-1,-1,-1
1,-0.5,0.0,0.1111111111111111,-1,-1,-1,-1
0,0.17532467532467533,0.125,0.0,-1,-1,-1,-1
0,0.0,0.0,0.0,-1,-1,-1,-1
-1,-0.024999999999999994,0.047619047619047616,0.047619047619047616,-1,-1,-1,-1
-1,0.4,0.1111111111111111,0.0,-1,-1,-1,-1
0,-0.6,0.0,0.1,-1,-1,-1,-1
1,0.0,0.0,0.0,-1,-1,-1,-1
1,0.2833333333333334,0.2,0.0,-1,-1,-1,-1
0,0.25,0.06666666666666667,0.0,-1,-1,-1,-1
1,0.0,0.0,0.0,0.31828442437923249,0.32505643340857787,147,0
-1,-0.5,0.0,0.1,-1,-1,-1,-1
0,0.0,0.0,0.0,0.33562585969738651,0.33287482806052271,242,0
1,0.5,0.2222222222222222,0.0,-1,-1,-1,-1
1,0.0,0.0,0.0,-1,-1,-1,-1
1,0.0,0.0,0.0,0.33333333333333331,0.3288888888888889,75,0
1,0.25,0.05,0.0,-1,-1,-1,-1
1,0.24166666666666667,0.09090909090909091,0.09090909090909091,-1,-1,-1,-1
0,0.0,0.0,0.0,-1,-1,-1,-1
1,0.0,0.0,0.0,-1,-1,-1,-1
1,0.0,0.0,0.0,-1,-1,-1,-1
0,0.375,0.10526315789473684,0.0,-1,-1,-1,-1
1,0.65,0.18181818181818182,0.0,-1,-1,-1,-1
1,0.5,0.15384615384615385,0.0,-1,-1,-1,-1
1,0.5,0.05555555555555555,0.0,-1,-1,-1,-1
0,0.0,0.0,0.0,-1,-1,-1,-1
1,0.2,0.058823529411764705,0.0,-1,-1,-1,-1
1,0.3181818181818182,0.13333333333333333,0.0,0.30158730158730157,0.32380952380952382,105,0
-1,-0.25,0.0,0.1111111111111111,-1,-1,-1,-1
0,0.0,0.0,0.0,-1,-1,-1,-1
-1,0.0,0.0,0.0,-1,-1,-1,-1
-1,-0.1,0.0,0.0625,-1,-1,-1,-1
1,0.0,0.0,0.0,0.3263009845288326,0.33333333333333331,237,0
-1,0.7,0.125,0.0,-1,-1,-1,-1
1,0.2,0.2,0.0,-1,-1,-1,-1
1,0.05000000000000002,0.16666666666666666,0.0,-1,-1,-1,-1
1,-0.05463203463203463,0.10526315789473684,0.10526315789473684,-1,-1,-1,-1
-1,-0.05,0.0,0.05263157894736842,-1,-1,-1,-1
-1,-0.6,0.0,0.07692307692307693,-1,-1,-1,-1
1,0.24375,0.09523809523809523,0.047619047619047616,-1,-1,-1,-1
0,0.0,0.0,0.0,-1,-1,-1,-1
1,0.5,0.07692307692307693,0.0,-1,-1,-1,-1
1,0.0,0.0,0.0,-1,-1,-1,-1
1,0.2,0.07692307692307693,0.0,-1,-1,-1,-1
1,0.0,0.0,0.0,-1,-1,-1,-1
-1,-0.7999999999999999,0.0,0.058823529411764705,-1,-1,-1,-1
0,-0.16666666666666666,0.0,0.09090909090909091,-1,-1,-1,-1
-1,0.0,0.0,0.0,-1,-1,-1,-1
1,0.3352272727272727,0.1111111111111111,0.0,-1,-1,-1,-1
0,0.1,0.07142857142857142,0.0,-1,-1,-1,-1
1,0.5,0.4,0.0,-1,-1,-1,-1
1,0.375,0.058823529411764705,0.058823529411764705,-1,-1,-1,-1
0,0.1,0.16666666666666666,0.0,-1,-1,-1,-1
0,0.0,0.0,0.0,-1,-1,-1,-1
0,0.0,0.0,0.0,-1,-1,-1,-1
-1,-0.125,0.08333333333333333,0.08333333333333333,-1,-1,-1,-1
1,0.25,0.06666666666666667,0.0,-1,-1,-1,-1
1,0.3125,0.05263157894736842,0.0,-1,-1,-1,-1
-1,0.0,0.0,0.0,-1,-1,-1,-1
0,0.0,0.0,0.0,0.4838709677419355,0.4838709677419355,31,0
-1,-0.15555555555555559,0.0,0.0625,-1,-1,-1,-1
0,0.0,0.0,0.0,-1,-1,-1,-1
1,0.0,0.0,0.0,-1,-1,-1,-1
-1,-0.15000000000000002,0.0,0.1,-1,-1,-1,-1
0,0.0,0.0,0.0,-1,-1,-1,-1
0,0.0,0.0,0.0,-1,-1,-1,-1
0,0.0,0.0,0.0,-1,-1,-1,-1
-1,0.0,0.0,0.0,-1,-1,-1,-1
1,0.5,0.07142857142857142,0.0,-1,-1,-1,-1
1,0.0,0.0,0.0,-1,-1,-1,-1
0,0.0,0.0,0.0,-1,-1,-1,-1
1,0.1,0.05,0.0,-1,-1,-1,-1
1,0.041666666666666664,0.058823529411764705,0.0,-1,-1,-1,-1
-1,-0.1,0.0,0.09090909090909091,-1,-1,-1,-1
-1,0.0,0.0,0.0,0.31825273010920435,0.33853354134165364,213,0
1,0.1,0.0625,0.0,-1,-1,-1,-1
1,0.4375,0.13333333333333333,0.0,-1,-1,-1,-1
1,0.0,0.0,0.0,-1,-1,-1,-1
1,0.4,0.06666666666666667,0.0,-1,-1,-1,-1
1,0.2,0.05263157894736842,0.0,-1,-1,-1,-1
1,0.25,0.2,0.0,-1,-1,-1,-1
1,0.6,0.3333333333333333,0.0,-1,-1,-1,-1
-1,-0.25,0.0,0.09090909090909091,0.32967032967032966,0.32600732600732601,91,0
1,0.225,0.05,0.05,-1,-1,-1,-1
0,0.0,0.0,0.0,-1,-1,-1,-1
1,-0.26666666666666666,0.0,0.11764705882352941,-1,-1,-1,-1
1,-0.022222222222222216,0.10526315789473684,0.05263157894736842,-1,-1,-1,-1
1,0.4666666666666666,0.15,0.0,-1,-1,-1,-1
-1,0.0,0.0,0.0,-1,-1,-1,-1
-1,0.0,0.0,0.0,-1,-1,-1,-1
-1,-0.5,0.0,0.047619047619047616,-1,-1,-1,-1
-1,-0.025,0.0,0.045454545454545456,-1,-1,-1,-1
-1,-0.3875,0.04,0.08,-1,-1,-1,-1
-1,-0.8,0.0,0.07142857142857142,-1,-1,-1,-1
0,0.0,0.0,0.0,-1,-1,-1,-1
-1,-0.25,0.0,0.07142857142857142,-1,-1,-1,-1
1,0.2,0.2,0.0,-1,-1,-1,-1
1,0.58,0.2,0.0,-1,-1,-1,-1
1,0.25,0.05263157894736842,0.0,-1,-1,-1,-1
-1,0.2,0.041666666666666664,0.0,-1,-1,-1,-1
-1,0.5125,0.16,0.0,-1,-1,-1,-1
1,0.0,0.0,0.0,-1,-1,-1,-1
-1,0.0,0.0,0.0,-1,-1,-1,-1
-1,0.0,0.0,0.0,-1,-1,-1,-1
0,0.009090909090909087,0.045454545454545456,0.045454545454545456,-1,-1,-1,-1
-1,0.0,0.0,0.0,-1,-1,-1,-1
-1,0.2,0.25,0.0,-1,-1,-1,-1
-1,-0.14027777777777778,0.0,0.1,-1,-1,-1,-1
1,0.5,0.08333333333333333,0.0,-1,-1,-1,-1
1,-0.3,0.0,0.08,-1,-1,-1,-1
1,0.2,0.1111111111111111,0.0,-1,-1,-1,-1
1,0.25,0.125,0.0,-1,-1,-1,-1
0,0.0,0.0,0.0,-1,-1,-1,-1
0,0.0,0.0,0.0,-1,-1,-1,-1
1,0.0,0.0,0.0,-1,-1,-1,-1
1,0.125,0.05263157894736842,0.05263157894736842,0.41621621621621624,0.34054054054054056,61,0
1,-0.08333333333333333,0.0,0.07142857142857142,-1,-1,-1,-1
1,1.0,0.05555555555555555,0.0,-1,-1,-1,-1
0,0.0,0.0,0.0,-1,-1,-1,-1
-1,-0.5,0.0,0.14285714285714285,-1,-1,-1,-1
1,0.1875,0.08695652173913043,0.0,-1,-1,-1,-1
0,0.0,0.0,0.0,-1,-1,-1,-1
0,0.0,0.0,0.0,-1,-1,-1,-1
1,0.3,0.07692307692307693,0.0,-1,-1,-1,-1
-1,-0.13333333333333333,0.1,0.05,-1,-1,-1,-1
1,0.35,0.08333333333333333,0.0,-1,-1,-1,-1
1,0.0,0.0,0.0,-1,-1,-1,-1
1,0.5,0.05555555555555555,0.0,-1,-1,-1,-1
0,0.2,0.07142857142857142,0.0,-1,-1,-1,-1
0,0.5,0.10526315789473684,0.0,-1,-1,-1,-1
-1,-0.234375,0.0,0.06666666666666667,-1,-1,-1,-1
-1,-0.075,0.0,0.1,-1,-1,-1,-1
1,0.08888888888888889,0.11764705882352941,0.058823529411764705,-1,-1,-1,-1
0,0.0,0.0,0.0,-1,-1,-1,-1
0,0.0,0.0,0.0,-1,-1,-1,-1
-1,0.05,0.05,0.0,-1,-1,-1,-1
1,0.13636363636363635,0.16666666666666666,0.0,-1,-1,-1,-1
1,0.15,0.07692307692307693,0.0,-1,-1,-1,-1
1,0.09166666666666667,0.05263157894736842,0.05263157894736842,-1,-1,-1,-1
1,0.20833333333333331,0.07692307692307693,0.0,-1,-1,-1,-1
1,0.5791666666666667,0.16666666666666666,0.0,-1,-1,-1,-1
-1,0.03333333333333335,0.08695652173913043,0.043478260869565216,-1,-1,-1,-1
1,0.07348484848484847,0.11764705882352941,0.058823529411764705,-1,-1,-1,-1
-1,0.23611111111111108,0.06666666666666667,0.06666666666666667,-1,-1,-1,-1
1,0.375,0.16666666666666666,0.0,-1,-1,-1,-1
1,0.0,0.0,0.0,-1,-1,-1,-1
-1,-0.7,0.0,0.1,-1,-1,-1,-1
1,0.0,0.0,0.0,-1,-1,-1,-1
-1,0.8,0.0625,0.0,-1,-1,-1,-1
1,1.0,0.16666666666666666,0.0,-1,-1,-1,-1
1,0.0,0.0,0.0,-1,-1,-1,-1
1,0.5,0.08333333333333333,0.0,-1,-1,-1,-1
1,-0.3033333333333333,0.0,0.10526315789473684,-1,-1,-1,-1
1,0.3,0.05555555555555555,0.0,-1,-1,-1,-1
1,0.0,0.0,0.0,-1,-1,-1,-1
0,-0.25,0.0,0.125,-1,-1,-1,-1
1,0.13636363636363635,0.08333333333333333,0.0,-1,-1,-1,-1
-1,0.06666666666666667,0.1111111111111111,0.0,-1,-1,-1,-1
-1,-0.6,0.0,0.04,-1,-1,-1,-1
0,0.0,0.0,0.0,0.29881656804733731,0.34319526627218933,112,0
0,0.0,0.0,0.0,-1,-1,-1,-1
-1,-0.7,0.0,0.125,-1,-1,-1,-1
-1,-1.0,0.0,0.058823529411764705,-1,-1,-1,-1
0,-0.06666666666666667,0.08695652173913043,0.043478260869565216,-1,-1,-1,-1
-1,0.024999999999999994,0.08333333333333333,0.08333333333333333,-1,-1,-1,-1
-1,0.0,0.0,0.0,-1,-1,-1,-1
0,0.0,0.0,0.0,-1,-1,-1,-1
1,0.3,0.05263157894736842,0.0,-1,-1,-1,-1
0,0.0,0.0,0.0,0.29276315789473684,0.32565789473684209,101,0
0,-0.051851851851851864,0.0,0.05263157894736842,-1,-1,-1,-1
1,0.25,0.14285714285714285,0.0,-1,-1,-1,-1
1,0.0,0.0,0.0,-1,-1,-1,-1
1,0.0,0.0,0.0,-1,-1,-1,-1
0,0.8,0.05263157894736842,0.0,-1,-1,-1,-1
0,0.2814814814814815,0.16666666666666666,0.08333333333333333,-1,-1,-1,-1
-1,0.16666666666666666,0.045454545454545456,0.0,-1,-1,-1,-1
1,0.2,0.07142857142857142,0.0,0.27516778523489932,0.34004474272930652,149,0
1,0.125,0.047619047619047616,0.0,-1,-1,-1,-1
1,0.15656565656565657,0.11764705882352941,0.058823529411764705,-1,-1,-1,-1
1,0.25,0.1,0.0,-1,-1,-1,-1
0,0.0,0.0,0.0,-1,-1,-1,-1
-1,0.2,0.05263157894736842,0.0,-1,-1,-1,-1
1,0.13636363636363635,0.07692307692307693,0.0,0.55084745762711862,0.28813559322033899,39,0
0,0.0,0.0,0.0,-1,-1,-1,-1
1,0.0,0.0,0.0,-1,-1,-1,-1
1,0.125,0.07142857142857142,0.0,-1,-1,-1,-1
1,0.0,0.0,0.0,-1,-1,-1,-1
1,0.0,0.0,0.0,-1,-1,-1,-1
1,0.25,0.05555555555555555,0.0,-1,-1,-1,-1
-1,0.0,0.0,0.0,-1,-1,-1,-1
1,0.8,0.05555555555555555,0.0,-1,-1,-1,-1
1,0.6,0.0625,0.0,-1,-1,-1,-1
1,0.2,0.07142857142857142,0.0,-1,-1,-1,-1
1,0.2,0.3333333333333333,0.0,-1,-1,-1,-1
-1,0.19999999999999998,0.1111111111111111,0.0,-1,-1,-1,-1
-1,-0.05,0.0,0.07692307692307693,-1,-1,-1,-1
1,0.15,0.1111111111111111,0.0,-1,-1,-1,-1
1,0.0,0.0,0.0,-1,-1,-1,-1
1,0.3821428571428572,0.17647058823529413,0.0,-1,-1,-1,-1
-1,0.5,0.10526315789473684,0.0,-1,-1,-1,-1
0,0.06666666666666667,0.09090909090909091,0.0,-1,-1,-1,-1
0,0.0,0.0,0.0,-1,-1,-1,-1
1,0.1,0.08333333333333333,0.0,-1,-1,-1,-1
-1,-0.3,0.0,0.14285714285714285,-1,-1,-1,-1
-1,0.0,0.0,0.0,-1,-1,-1,-1
0,0.6,0.06666666666666667,0.0,-1,-1,-1,-1
1,0.43333333333333335,0.17647058823529413,0.0,-1,-1,-1,-1
1,0.2,0.05263157894736842,0.05263157894736842,-1,-1,-1,-1
-1,-0.4,0.0,0.1111111111111111,0.3383838383838384,0.33333333333333331,66,0
-1,-0.025,0.0,0.16666666666666666,0.34615384615384615,0.33333333333333331,78,0
0,0.0,0.0,0.0,-1,-1,-1,-1
1,0.2,0.06666666666666667,0.0,-1,-1,-1,-1
1,-0.15625,0.0,0.07142857142857142,-1,-1,-1,-1
1,0.6,0.058823529411764705,0.0,-1,-1,-1,-1
0,0.0,0.0,0.0,-1,-1,-1,-1
1,1.0,0.07692307692307693,0.0,-1,-1,-1,-1
1,0.0,0.0,0.0,-1,-1,-1,-1
-1,0.0,0.0,0.0,-1,-1,-1,-1
0,0.6,0.038461538461538464,0.0,-1,-1,-1,-1
1,0.6,0.14285714285714285,0.0,-1,-1,-1,-1
1,0.08333333333333333,0.09090909090909091,0.0,-1,-1,-1,-1
0,0.0,0.0,0.0,-1,-1,-1,-1
1,0.5,0.05,0.0,-1,-1,-1,-1
-1,-0.6,0.0,0.1111111111111111,-1,-1,-1,-1
1,0.0,0.0,0.0,-1,-1,-1,-1
1,0.18125,0.15384615384615385,0.07692307692307693,-1,-1,-1,-1
1,0.7,0.058823529411764705,0.0,-1,-1,-1,-1
1,0.0,0.0,0.0,-1,-1,-1,-1
1,0.0,0.0,0.0,-1,-1,-1,-1
1,0.25,0.05,0.0,-1,-1,-1,-1
1,0.15000000000000002,0.1111111111111111,0.0,-1,-1,-1,-1
0,0.0,0.0,0.0,-1,-1,-1,-1
1,0.4,0.11764705882352941,0.0,0.23398328690807799,0.34818941504178275,119,0
0,0.0,0.0,0.0,-1,-1,-1,-1
1,0.5416666666666666,0.3,0.0,-1,-1,-1,-1
0,-0.06666666666666665,0.047619047619047616,0.047619047619047616,0.30185185185185187,0.33148148148148149,180,0
-1,-0.32161458333333337,0.16666666666666666,0.16666666666666666,-1,-1,-1,-1
-1,-0.2,0.0,0.045454545454545456,-1,-1,-1,-1
0,-0.30000000000000004,0.0,0.05555555555555555,-1,-1,-1,-1
1,0.21875,0.06666666666666667,0.06666666666666667,-1,-1,-1,-1
-1,0.0,0.0,0.0,-1,-1,-1,-1
1,-0.2,0.0,0.125,0.30904522613065327,0.34170854271356782,132,0
1,0.2,0.06666666666666667,0.0,-1,-1,-1,-1
1,0.5,0.07692307692307693,0.0,-1,-1,-1,-1
0,0.0,0.0,0.0,-1,-1,-1,-1
0,0.0,0.0,0.0,-1,-1,-1,-1
1,0.35,0.045454545454545456,0.0,-1,-1,-1,-1
-1,0.390625,0.07142857142857142,0.0,-1,-1,-1,-1
0,0.0,0.0,0.0,-1,-1,-1,-1
1,0.6428571428571428,0.16666666666666666,0.0,-1,-1,-1,-1
0,-0.3,0.0,0.08333333333333333,-1,-1,-1,-1
1,-1.0,0.0,0.25,-1,-1,-1,-1
1,0.2857142857142857,0.041666666666666664,0.0,-1,-1,-1,-1
1,1.0,0.07692307692307693,0.0,-1,-1,-1,-1
1,0.91552734375,0.1,0.0,-1,-1,-1,-1
1,0.8544921875,0.07692307692307693,0.0,-1,-1,-1,-1
1,0.0,0.0,0.0,-1,-1,-1,-1
1,0.3515625,0.2222222222222222,0.0,-1,-1,-1,-1
-1,0.5,0.058823529411764705,0.0,-1,-1,-1,-1
1,0.0,0.0,0.0,-1,-1,-1,-1
1,0.0,0.0,0.0,-1,-1,-1,-1
0,0.5208333333333334,0.09090909090909091,0.0,-1,-1,-1,-1
0,-0.10714285714285715,0.058823529411764705,0.058823529411764705,-1,-1,-1,-1
0,-0.30000000000000004,0.0,0.05555555555555555,-1,-1,-1,-1
0,0.6975446428571428,0.06666666666666667,0.0,-1,-1,-1,-1
1,-0.5,0.0,0.25,-1,-1,-1,-1
1,0.22833705357142856,0.36363636363636365,0.0,-1,-1,-1,-1
-1,-0.2,0.0,0.14285714285714285,-1,-1,-1,-1
0,0.0,0.0,0.0,-1,-1,-1,-1
1,0.0,0.0,0.0,-1,-1,-1,-1
-1,-0.20833333333333331,0.0,0.125,-1,-1,-1,-1
-1,0.0,0.0,0.0,-1,-1,-1,-1
0,0.35,0.07142857142857142,0.0,-1,-1,-1,-1
0,0.26,0.10526315789473684,0.05263157894736842,-1,-1,-1,-1
0,0.0,0.0,0.0,-1,-1,-1,-1
1,0.8,0.3333333333333333,0.0,-1,-1,-1,-1
1,0.6,0.06666666666666667,0.0,-1,-1,-1,-1
0,0.0,0.0,0.0,-1,-1,-1,-1
0,0.0,0.0,0.0,-1,-1,-1,-1
-1,-0.16666666666666666,0.08333333333333333,0.16666666666666666,-1,-1,-1,-1
1,0.8333333333333334,0.2,0.0,-1,-1,-1,-1
1,0.0,0.0,0.0,0.2678185745140389,0.32397408207343414,154,0
0,0.0,0.0,0.0,-1,-1,-1,-1
1,0.0,0.0,0.0,-1,-1,-1,-1
1,0.39999999999999997,0.09090909090909091,0.0,-1,-1,-1,-1
0,0.0,0.0,0.0,-1,-1,-1,-1
1,0.0,0.0,0.0,-1,-1,-1,-1
1,0.0,0.0,0.0,-1,-1,-1,-1
-1,-1.0,0.0,0.058823529411764705,-1,-1,-1,-1
1,0.0,0.0,0.0,-1,-1,-1,-1
1,1.0,0.14285714285714285,0.0,-1,-1,-1,-1
0,0.1,0.14285714285714285,0.0,-1,-1,-1,-1
1,0.35000000000000003,0.15384615384615385,0.0,-1,-1,-1,-1
1,0.5249999999999999,0.125,0.0,-1,-1,-1,-1
1,0.5875,0.1111111111111111,0.0,-1,-1,-1,-1
0,0.0,0.0,0.0,-1,-1,-1,-1
0,-0.30000000000000004,0.0,0.05555555555555555,-1,-1,-1,-1
1,0.15000000000000002,0.07692307692307693,0.07692307692307693,-1,-1,-1,-1
-1,-0.4,0.0,0.14285714285714285,-1,-1,-1,-1
1,0.0,0.0,0.0,-1,-1,-1,-1
1,0.13333333333333333,0.047619047619047616,0.0,-1,-1,-1,-1
1,0.5666666666666668,0.2,0.0,-1,-1,-1,-1
1,0.25,0.14285714285714285,0.0,-1,-1,-1,-1
0,0.0,0.0,0.0,-1,-1,-1,-1
-1,0.0,0.0,0.0,-1,-1,-1,-1
1,0.0,0.0,0.0,-1,-1,-1,-1
1,0.4,0.05,0.0,0.36551724137931035,0.29655172413793102,48,0
0,0.375,0.09090909090909091,0.0,-1,-1,-1,-1
-1,0.221875,0.17647058823529413,0.0,-1,-1,-1,-1
0,-0.30000000000000004,0.0,0.05555555555555555,-1,-1,-1,-1
1,0.5,0.07142857142857142,0.0,-1,-1,-1,-1
0,0.3333333333333333,0.047619047619047616,0.0,-1,-1,-1,-1
0,0.65,0.125,0.0,-1,-1,-1,-1
-1,-0.75,0.0,0.05555555555555555,-1,-1,-1,-1
0,0.0,0.0,0.0,-1,-1,-1,-1
1,0.2857142857142857,0.14285714285714285,0.0,-1,-1,-1,-1
0,0.5,0.07407407407407407,0.0,-1,-1,-1,-1
1,0.65,0.16666666666666666,0.0,-1,-1,-1,-1
0,0.5,0.09090909090909091,0.0,-1,-1,-1,-1
-1,0.0,0.0,0.0,-1,-1,-1,-1
0,0.07142857142857144,0.08,0.04,-1,-1,-1,-1
1,0.5,0.16666666666666666,0.0,-1,-1,-1,-1
1,0.42499999999999993,0.08695652173913043,0.0,-1,-1,-1,-1
1,-0.04583333333333334,0.25,0.25,-1,-1,-1,-1
0,-0.30000000000000004,0.0,0.05555555555555555,-1,-1,-1,-1
1,0.38749999999999996,0.125,0.0,-1,-1,-1,-1
0,0.06,0.041666666666666664,0.041666666666666664,-1,-1,-1,-1
1,0.0,0.0,0.0,-1,-1,-1,-1
0,0.25357142857142856,0.13043478260869565,0.0,-1,-1,-1,-1
1,0.4,0.1111111111111111,0.0,-1,-1,-1,-1
0,0.25,0.14285714285714285,0.0,-1,-1,-1,-1
1,0.175,0.07407407407407407,0.037037037037037035,-1,-1,-1,-1
0,0.0,0.0,0.0,-1,-1,-1,-1
0,0.7,0.1111111111111111,0.0,-1,-1,-1,-1
1,-0.2,0.0,0.1,-1,-1,-1,-1
1,0.13636363636363635,0.05,0.0,-1,-1,-1,-1
-1,0.0,0.0,0.0,-1,-1,-1,-1
1,0.0,0.0,0.0,-1,-1,-1,-1
1,1.0,0.07142857142857142,0.0,-1,-1,-1,-1
0,0.0,0.0,0.0,-1,-1,-1,-1
1,0.6375,0.2222222222222222,0.0,-1,-1,-1,-1
1,0.0,0.0,0.0,-1,-1,-1,-1
1,0.35,0.1,0.0,-1,-1,-1,-1
1,0.5,0.1,0.0,-1,-1,-1,-1
1,0.31999999999999995,0.125,0.041666666666666664,-1,-1,-1,-1
1,0.16666666666666666,0.05263157894736842,0.0,-1,-1,-1,-1
0,-0.30000000000000004,0.0,0.05555555555555555,-1,-1,-1,-1
1,0.2380952380952381,0.13333333333333333,0.0,-1,-1,-1,-1
-1,-0.25,0.0,0.07692307692307693,-1,-1,-1,-1
0,0.0,0.0,0.0,-1,-1,-1,-1
1,0.16517857142857142,0.09523809523809523,0.047619047619047616,-1,-1,-1,-1
0,0.05,0.08333333333333333,0.08333333333333333,-1,-1,-1,-1
0,0.5,0.0625,0.0,-1,-1,-1,-1
-1,0.9,0.07142857142857142,0.0,-1,-1,-1,-1
-1,0.0,0.0,0.0,-1,-1,-1,-1
-1,-0.125,0.0,0.1,-1,-1,-1,-1
1,0.0,0.0,0.0,-1,-1,-1,-1
0,0.2,0.05555555555555555,0.0,-1,-1,-1,-1
0,-0.3333333333333333,0.0,0.1111111111111111,-1,-1,-1,-1
0,-0.15000000000000002,0.06666666666666667,0.06666666666666667,-1,-1,-1,-1
1,0.03333333333333333,0.045454545454545456,0.045454545454545456,-1,-1,-1,-1
0,0.25000000000000006,0.25,0.0,-1,-1,-1,-1
0,0.0,0.0,0.0,-1,-1,-1,-1
-1,-0.05,0.0,0.09090909090909091,0.34011090573012936,0.33086876155268025,180,0
-1,-0.275,0.0,0.10526315789473684,-1,-1,-1,-1
0,0.0,0.0,0.0,0.33524355300859598,0.333810888252149,232,0
0,0.175,0.045454545454545456,0.0,-1,-1,-1,-1
-1,0.0,0.0,0.0,-1,-1,-1,-1
0,0.0,0.0,0.0,-1,-1,-1,-1
0,-0.30000000000000004,0.0,0.05555555555555555,-1,-1,-1,-1
0,0.0,0.0,0.0,-1,-1,-1,-1
0,0.125,0.041666666666666664,0.0,-1,-1,-1,-1
0,-0.17500000000000002,0.047619047619047616,0.047619047619047616,-1,-1,-1,-1
1,0.35,0.25,0.0,-1,-1,-1,-1
-1,-0.26666666666666666,0.0,0.07142857142857142,-1,-1,-1,-1
0,0.0,0.0,0.0,-1,-1,-1,-1
0,0.2,0.08333333333333333,0.0,-1,-1,-1,-1
-1,0.0,0.0,0.0,-1,-1,-1,-1
1,0.5,0.05555555555555555,0.0,-1,-1,-1,-1
0,0.0,0.0,0.0,-1,-1,-1,-1
-1,0.3333333333333333,0.15384615384615385,0.0,-1,-1,-1,-1
1,0.7,0.25,0.0,-1,-1,-1,-1
1,0.625,0.1,0.0,-1,-1,-1,-1
0,-0.30000000000000004,0.0,0.05555555555555555,-1,-1,-1,-1
1,0.13636363636363635,0.125,0.0,0.25925925925925924,0.32098765432098764,135,0
1,0.21666666666666667,0.14285714285714285,0.14285714285714285,-1,-1,-1,-1
1,0.3,0.058823529411764705,0.058823529411764705,-1,-1,-1,-1
-1,-0.07142857142857142,0.0,0.1111111111111111,-1,-1,-1,-1
0,-0.30000000000000004,0.0,0.05555555555555555,-1,-1,-1,-1
0,0.0,0.0,0.0,-1,-1,-1,-1
0,0.0,0.0,0.0,-1,-1,-1,-1
1,0.6000000000000001,0.07142857142857142,0.0,-1,-1,-1,-1
-1,0.6,0.058823529411764705,0.0,-1,-1,-1,-1
0,-0.30000000000000004,0.0,0.05555555555555555,-1,-1,-1,-1
1,0.05,0.041666666666666664,0.0,-1,-1,-1,-1
0,-0.30000000000000004,0.0,0.05555555555555555,-1,-1,-1,-1
1,0.0,0.0,0.0,-1,-1,-1,-1
1,0.6000000000000001,0.3333333333333333,0.0,-1,-1,-1,-1
0,0.16666666666666666,0.058823529411764705,0.0,-1,-1,-1,-1
-1,0.0,0.0,0.0,-1,-1,-1,-1
1,0.3181818181818182,0.15384615384615385,0.0,0.34782608695652173,0.30434782608695654,38,1
1,0.0,0.0,0.0,-1,-1,-1,-1
0,-0.30000000000000004,0.0,0.05555555555555555,-1,-1,-1,-1
0,0.25,0.045454545454545456,0.0,-1,-1,-1,-1
0,-0.30000000000000004,0.0,0.05555555555555555,-1,-1,-1,-1
0,-0.30000000000000004,0.0,0.05555555555555555,-1,-1,-1,-1
-1,-0.4,0.0,0.06666666666666667,-1,-1,-1,-1
0,-0.30000000000000004,0.0,0.05555555555555555,-1,-1,-1,-1
0,-0.30000000000000004,0.0,0.05555555555555555,-1,-1,-1,-1
0,0.16666666666666666,0.16666666666666666,0.0,-1,-1,-1,-1
0,0.16666666666666666,0.058823529411764705,0.0,-1,-1,-1,-1
1,0.25,0.1,0.0,-1,-1,-1,-1
0,-0.30000000000000004,0.0,0.05555555555555555,-1,-1,-1,-1
0,-0.30000000000000004,0.0,0.05555555555555555,-1,-1,-1,-1
0,0.0,0.0,0.0,-1,-1,-1,-1
0,0.2222222222222222,0.125,0.0,-1,-1,-1,-1
0,-0.30000000000000004,0.0,0.05555555555555555,-1,-1,-1,-1
0,0.0,0.0,0.0,-1,-1,-1,-1
0,-0.4333333333333333,0.0,0.07692307692307693,-1,-1,-1,-1
1,0.675,0.2,0.0,-1,-1,-1,-1
1,0.5,0.0625,0.0,-1,-1,-1,-1
0,-0.30000000000000004,0.0,0.05555555555555555,-1,-1,-1,-1
0,0.0,0.0,0.0,-1,-1,-1,-1
0,0.25,0.038461538461538464,0.0,-1,-1,-1,-1
-1,-0.2916666666666667,0.0,0.041666666666666664,-1,-1,-1,-1
1,-0.1,0.0,0.05,-1,-1,-1,-1
1,0.5249999999999999,0.10526315789473684,0.0,-1,-1,-1,-1
-1,-0.13,0.0,0.047619047619047616,-1,-1,-1,-1
0,0.0,0.0,0.0,-1,-1,-1,-1
1,0.0,0.0,0.0,-1,-1,-1,-1
1,0.6,0.0625,0.0,-1,-1,-1,-1
1,0.625,0.05,0.0,-1,-1,-1,-1
0,0.0,0.0,0.0,-1,-1,-1,-1
0,0.0,0.0,0.0,-1,-1,-1,-1
-1,-0.2,0.0,0.1,-1,-1,-1,-1
1,0.0,0.0,0.0,-1,-1,-1,-1
0,-0.30000000000000004,0.0,0.05555555555555555,-1,-1,-1,-1
1,0.0,0.0,0.0,-1,-1,-1,-1
0,0.0,0.0,0.0,-1,-1,-1,-1
-1,-0.07222222222222222,0.04,0.08,-1,-1,-1,-1
0,0.05,0.041666666666666664,0.0,-1,-1,-1,-1
0,-0.1,0.0,0.07142857142857142,-1,-1,-1,-1
0,0.0,0.0,0.0,-1,-1,-1,-1
1,0.5,0.2857142857142857,0.0,-1,-1,-1,-1
-1,0.0,0.0,0.0,-1,-1,-1,-1
-1,-0.175,0.0,0.0625,-1,-1,-1,-1
1,0.3125,0.058823529411764705,0.0,-1,-1,-1,-1
1,0.6125,0.11764705882352941,0.0,-1,-1,-1,-1
-1,-0.15555555555555559,0.0,0.1111111111111111,-1,-1,-1,-1
0,-0.30000000000000004,0.0,0.05555555555555555,-1,-1,-1,-1
0,0.0,0.0,0.0,-1,-1,-1,-1
0,0.0,0.0,0.0,-1,-1,-1,-1
0,0.25,0.058823529411764705,0.0,-1,-1,-1,-1
0,0.0,0.0,0.0,0.34298118668596239,0.33285094066570187,230,0
1,0.25,0.05,0.05,-1,-1,-1,-1
0,0.0,0.0,0.0,-1,-1,-1,-1
1,0.875,0.25,0.0,-1,-1,-1,-1
1,0.25,0.0625,0.0,-1,-1,-1,-1
1,0.0,0.0,0.0,-1,-1,-1,-1
1,-0.025000000000000022,0.043478260869565216,0.043478260869565216,-1,-1,-1,-1
0,0.5,0.05263157894736842,0.0,-1,-1,-1,-1
1,0.5,0.058823529411764705,0.0,-1,-1,-1,-1
1,0.35,0.125,0.0,-1,-1,-1,-1
0,0.03333333333333333,0.05,0.0,-1,-1,-1,-1
0,0.0,0.0,0.0,-1,-1,-1,-1
-1,0.0,0.0,0.0,-1,-1,-1,-1
1,0.0,0.0,0.0,-1,-1,-1,-1
1,0.1590909090909091,0.08,0.0,-1,-1,-1,-1
0,-0.5,0.0,0.3333333333333333,-1,-1,-1,-1
1,0.3,0.07142857142857142,0.0,-1,-1,-1,-1
0,0.0,0.0,0.0,-1,-1,-1,-1
0,0.15625,0.125,0.041666666666666664,-1,-1,-1,-1
1,0.875,0.1,0.0,-1,-1,-1,-1
0,-0.08333333333333333,0.0,0.05555555555555555,-1,-1,-1,-1
0,0.0,0.0,0.0,-1,-1,-1,-1
1,0.3375,0.058823529411764705,0.058823529411764705,-1,-1,-1,-1
1,0.4,0.15384615384615385,0.0,-1,-1,-1,-1
-1,0.0,0.0,0.0,-1,-1,-1,-1
0,0.0,0.0,0.0,-1,-1,-1,-1
1,0.25,0.1111111111111111,0.0,0.33285509325681489,0.33428981348637016,232,0
1,1.0,0.06666666666666667,0.0,-1,-1,-1,-1
-1,-0.6999999999999998,0.0,0.05555555555555555,-1,-1,-1,-1
1,0.48000000000000004,0.1111111111111111,0.0,-1,-1,-1,-1
-1,0.09523809523809523,0.05555555555555555,0.0,-1,-1,-1,-1
1,0.16666666666666669,0.07142857142857142,0.07142857142857142,-1,-1,-1,-1
0,0.0,0.0,0.0,-1,-1,-1,-1
0,0.0,0.0,0.0,-1,-1,-1,-1
0,0.2857142857142857,0.05555555555555555,0.0,-1,-1,-1,-1
0,0.047142857142857146,0.2,0.06666666666666667,-1,-1,-1,-1
1,0.4,0.047619047619047616,0.0,-1,-1,-1,-1
0,0.0,0.0,0.0,-1,-1,-1,-1
0,0.0,0.0,0.0,-1,-1,-1,-1
0,0.325,0.11764705882352941,0.0,-1,-1,-1,-1
0,0.041666666666666685,0.058823529411764705,0.058823529411764705,-1,-1,-1,-1
1,0.15,0.07692307692307693,0.0,-1,-1,-1,-1
1,-0.2,0.0,0.06666666666666667,-1,-1,-1,-1
0,0.04166666666666667,0.09090909090909091,0.09090909090909091,-1,-1,-1,-1
0,0.024999999999999984,0.125,0.0625,-1,-1,-1,-1
0,0.5,0.05555555555555555,0.0,-1,-1,-1,-1
0,0.0,0.0,0.0,0.26536312849162014,0.32960893854748602,119,0
0,0.0,0.0,0.0,-1,-1,-1,-1
1,1.0,0.25,0.0,-1,-1,-1,-1
0,0.0,0.0,0.0,-1,-1,-1,-1
0,0.5,0.07692307692307693,0.0,-1,-1,-1,-1
0,0.0,0.0,0.0,-1,-1,-1,-1
1,-0.125,0.05263157894736842,0.05263157894736842,-1,-1,-1,-1
0,0.0,0.0,0.0,-1,-1,-1,-1
0,0.3806818181818182,0.14285714285714285,0.0,-1,-1,-1,-1
1,0.15,0.043478260869565216,0.043478260869565216,-1,-1,-1,-1
1,0.275,0.10526315789473684,0.0,-1,-1,-1,-1
1,0.1,0.041666666666666664,0.0,-1,-1,-1,-1
0,-0.15555555555555559,0.0,0.05555555555555555,-1,-1,-1,-1
0,0.0,0.0,0.0,-1,-1,-1,-1
0,-0.30000000000000004,0.0,0.05555555555555555,-1,-1,-1,-1
1,0.2,0.0625,0.0,-1,-1,-1,-1
0,0.0,0.0,0.0,-1,-1,-1,-1
0,0.0,0.0,0.0,-1,-1,-1,-1
0,-0.6,0.0,0.06666666666666667,-1,-1,-1,-1
1,0.7,0.14285714285714285,0.0,-1,-1,-1,-1
0,0.5,0.041666666666666664,0.0,-1,-1,-1,-1
1,0.31666666666666665,0.3333333333333333,0.0,-1,-1,-1,-1
1,0.2857142857142857,0.05,0.0,-1,-1,-1,-1
1,0.4454545454545455,0.3,0.0,-1,-1,-1,-1
1,0.225,0.1,0.0,-1,-1,-1,-1
0,0.0,0.0,0.0,0.33333333333333331,0.33333333333333331,115,0
-1,0.05,0.04,0.0,-1,-1,-1,-1
-1,0.0,0.0,0.0,-1,-1,-1,-1
1,0.6,0.14285714285714285,0.0,-1,-1,-1,-1
0,-0.30000000000000004,0.0,0.05555555555555555,-1,-1,-1,-1
0,0.16666666666666666,0.09523809523809523,0.047619047619047616,-1,-1,-1,-1
0,-0.1875,0.0,0.0625,-1,-1,-1,-1
1,0.13636363636363635,0.1,0.0,-1,-1,-1,-1
1,0.15000000000000002,0.125,0.0,-1,-1,-1,-1
1,-0.02840909090909091,0.08333333333333333,0.041666666666666664,-1,-1,-1,-1
0,0.0,0.0,0.0,-1,-1,-1,-1
0,0.0,0.0,0.0,-1,-1,-1,-1
1,0.5388888888888889,0.2,0.0,-1,-1,-1,-1
0,0.0,0.0,0.0,-1,-1,-1,-1
1,0.5,0.06666666666666667,0.0,-1,-1,-1,-1
1,0.3,0.11764705882352941,0.0,-1,-1,-1,-1
1,0.1,0.1111111111111111,0.0,-1,-1,-1,-1
1,-0.2,0.0,0.09523809523809523,-1,-1,-1,-1
0,0.0,0.0,0.0,-1,-1,-1,-1
0,0.0,0.0,0.0,-1,-1,-1,-1
1,0.27499999999999997,0.05555555555555555,0.05555555555555555,-1,-1,-1,-1
-1,0.0,0.0,0.0,-1,-1,-1,-1
1,0.2,0.0625,0.0,-1,-1,-1,-1
0,0.25,0.07142857142857142,0.0,-1,-1,-1,-1
1,0.06666666666666667,0.058823529411764705,0.0,-1,-1,-1,-1
0,0.625,0.05263157894736842,0.0,-1,-1,-1,-1
1,0.2017857142857143,0.2,0.0,-1,-1,-1,-1
1,0.0,0.0,0.0,0.33033707865168538,0.3595505617977528,148,0
1,0.0,0.0,0.0,-1,-1,-1,-1
1,0.0,0.0,0.0,-1,-1,-1,-1
0,0.0,0.0,0.0,-1,-1,-1,-1
1,0.1,0.07142857142857142,0.0,-1,-1,-1,-1
1,0.5,0.047619047619047616,0.0,-1,-1,-1,-1
0,0.0,0.0,0.0,-1,-1,-1,-1
0,-0.30000000000000004,0.0,0.05555555555555555,-1,-1,-1,-1
0,0.0,0.0,0.0,-1,-1,-1,-1
1,0.5,0.1,0.0,-1,-1,-1,-1
-1,0.45,0.15384615384615385,0.0,-1,-1,-1,-1
1,0.1,0.0625,0.0,0.27619047619047621,0.34920634920634919,105,0
1,0.0,0.0,0.0,-1,-1,-1,-1
1,0.0,0.0,0.0,-1,-1,-1,-1
1,0.0,0.0,0.0,-1,-1,-1,-1
0,0.0,0.0,0.0,0.29779411764705882,0.32720588235294118,90,0
0,0.5,0.05263157894736842,0.0,-1,-1,-1,-1
0,0.25,0.07142857142857142,0.07142857142857142,-1,-1,-1,-1
0,0.1,0.05555555555555555,0.0,-1,-1,-1,-1
1,0.0,0.0,0.0,-1,-1,-1,-1
1,0.5,0.1111111111111111,0.0,-1,-1,-1,-1
1,0.0,0.0,0.0,-1,-1,-1,-1
0,0.7,0.16666666666666666,0.0,-1,-1,-1,-1
0,0.25,0.0625,0.0,-1,-1,-1,-1
-1,-0.3986111111111111,0.0,0.17857142857142858,-1,-1,-1,-1
-1,0.0,0.0,0.0,-1,-1,-1,-1
1,0.0,0.0,0.0,-1,-1,-1,-1
-1,-0.7,0.0,0.058823529411764705,-1,-1,-1,-1
0,-0.30000000000000004,0.0,0.05555555555555555,-1,-1,-1,-1
0,0.0,0.0,0.0,-1,-1,-1,-1
0,0.036111111111111115,0.09090909090909091,0.045454545454545456,-1,-1,-1,-1
1,0.0,0.0,0.0,0.2910958904109589,0.32876712328767121,97,0
0,0.0,0.0,0.0,-1,-1,-1,-1
0,0.0,0.0,0.0,-1,-1,-1,-1
0,0.0,0.0,0.0,-1,-1,-1,-1
1,0.36250000000000004,0.3333333333333333,0.0,0.26341463414634148,0.33170731707317075,68,0
1,0.0,0.0,0.0,-1,-1,-1,-1
1,0.4,0.1,0.0,-1,-1,-1,-1
-1,0.0,0.0,0.0,-1,-1,-1,-1
-1,-0.625,0.0,0.1,-1,-1,-1,-1
0,0.3333333333333333,0.05,0.0,-1,-1,-1,-1
1,0.15681818181818183,0.10526315789473684,0.0,-1,-1,-1,-1
0,0.0,0.0,0.0,0.32558139534883723,0.32558139534883723,86,0
0,-0.010714285714285711,0.058823529411764705,0.058823529411764705,-1,-1,-1,-1
0,-0.30000000000000004,0.0,0.05555555555555555,-1,-1,-1,-1
-1,-0.2,0.0,0.1,-1,-1,-1,-1
1,0.7,0.125,0.0,-1,-1,-1,-1
0,0.0,0.0,0.0,-1,-1,-1,-1
1,0.41875,0.14285714285714285,0.0,-1,-1,-1,-1
0,0.0,0.0,0.0,-1,-1,-1,-1
-1,-0.5,0.0,0.03571428571428571,-1,-1,-1,-1
-1,-0.024999999999999994,0.06666666666666667,0.06666666666666667,-1,-1,-1,-1
1,0.0,0.0,0.0,-1,-1,-1,-1
1,0.35,0.25,0.0,-1,-1,-1,-1
1,0.225,0.4,0.0,-1,-1,-1,-1
1,0.234375,0.17647058823529413,0.0,-1,-1,-1,-1
1,0.625,0.2,0.0,-1,-1,-1,-1
0,0.0,0.0,0.0,-1,-1,-1,-1
0,0.0,0.0,0.0,-1,-1,-1,-1
1,0.0,0.0,0.0,-1,-1,-1,-1
0,0.18333333333333335,0.058823529411764705,0.058823529411764705,-1,-1,-1,-1
1,0.0,0.0,0.0,-1,-1,-1,-1
0,-0.30000000000000004,0.0,0.05555555555555555,-1,-1,-1,-1
1,0.25,0.1,0.0,-1,-1,-1,-1
1,0.0,0.0,0.0,-1,-1,-1,-1
1,0.4,0.07142857142857142,0.0,-1,-1,-1,-1
-1,0.0,0.0,0.0,-1,-1,-1,-1
1,0.5681818181818181,0.11764705882352941,0.0,-1,-1,-1,-1
1,0.38238095238095243,0.10526315789473684,0.05263157894736842,-1,-1,-1,-1
1,0.0,0.0,0.0,-1,-1,-1,-1
-1,-0.25,0.0,0.2,0.33888888888888891,0.32777777777777778,60,0
-1,0.0,0.0,0.0,-1,-1,-1,-1
0,0.4875,0.09523809523809523,0.0,-1,-1,-1,-1
1,0.0,0.0,0.0,-1,-1,-1,-1
1,0.35,0.07692307692307693,0.0,-1,-1,-1,-1
-1,0.125,0.05,0.0,-1,-1,-1,-1
0,0.13636363636363635,0.08333333333333333,0.0,-1,-1,-1,-1
0,0.2857142857142857,0.08333333333333333,0.0,0.29736842105263156,0.32105263157894737,126,0
1,0.5,0.13333333333333333,0.0,-1,-1,-1,-1
0,0.0,0.0,0.0,-1,-1,-1,-1
1,0.019999999999999997,0.08695652173913043,0.13043478260869565,-1,-1,-1,-1
0,0.18888888888888888,0.11764705882352941,0.058823529411764705,-1,-1,-1,-1
1,0.35,0.058823529411764705,0.0,-1,-1,-1,-1
-1,-0.6,0.0,0.14285714285714285,0.32371134020618558,0.33402061855670101,161,0
0,0.5,0.09090909090909091,0.0,-1,-1,-1,-1
1,0.37083333333333335,0.13333333333333333,0.0,-1,-1,-1,-1
1,0.5238095238095238,0.13636363636363635,0.0,-1,-1,-1,-1
1,0.4,0.07142857142857142,0.0,0.29615384615384616,0.33076923076923076,86,0
0,-0.30000000000000004,0.0,0.05555555555555555,-1,-1,-1,-1
1,0.4374999999999999,0.07692307692307693,0.0,-1,-1,-1,-1
0,0.225,0.05555555555555555,0.05555555555555555,-1,-1,-1,-1
1,0.46875,0.08333333333333333,0.0,-1,-1,-1,-1
1,0.0,0.0,0.0,-1,-1,-1,-1
1,0.8,0.09090909090909091,0.0,0.32075471698113206,0.33490566037735847,141,0
0,0.9099999999999999,0.08333333333333333,0.0,0.32075471698113206,0.33490566037735847,141,0
-1,-0.24999999999999997,0.0625,0.0625,-1,-1,-1,-1
1,0.5,0.045454545454545456,0.0,0.36363636363636365,0.33608815426997246,121,0
0,-0.08333333333333333,0.0,0.0625,-1,-1,-1,-1
0,-0.3125,0.0,0.047619047619047616,-1,-1,-1,-1
-1,-0.65,0.0,0.2,0.325434439178515,0.33965244865718797,211,0
-1,0.0,0.0,0.0,-1,-1,-1,-1
0,-0.3444444444444445,0.08333333333333333,0.16666666666666666,-1,-1,-1,-1
1,0.0,0.0625,0.0625,-1,-1,-1,-1
-1,0.0,0.0,0.0,-1,-1,-1,-1
0,-0.02777777777777779,0.045454545454545456,0.045454545454545456,-1,-1,-1,-1
0,-0.30000000000000004,0.0,0.05555555555555555,-1,-1,-1,-1
1,0.0,0.0,0.0,-1,-1,-1,-1
1,0.6,0.4,0.0,-1,-1,-1,-1
1,0.0,0.0,0.0,-1,-1,-1,-1
-1,-0.2318181818181818,0.043478260869565216,0.043478260869565216,-1,-1,-1,-1
1,0.5,0.11764705882352941,0.0,-1,-1,-1,-1
1,0.5,0.10526315789473684,0.0,-1,-1,-1,-1
0,0.6,0.16666666666666666,0.0,-1,-1,-1,-1
0,0.5,0.08333333333333333,0.0,-1,-1,-1,-1
1,0.0,0.0,0.0,-1,-1,-1,-1
-1,0.0,0.0,0.0,-1,-1,-1,-1
0,-0.30000000000000004,0.0,0.05555555555555555,-1,-1,-1,-1
1,0.0,0.0,0.0,-1,-1,-1,-1
0,0.625,0.0625,0.0,-1,-1,-1,-1
1,0.0,0.0,0.0,-1,-1,-1,-1
1,0.26666666666666666,0.09523809523809523,0.047619047619047616,-1,-1,-1,-1
1,0.7,0.1111111111111111,0.0,-1,-1,-1,-1
0,0.0,0.0,0.0,-1,-1,-1,-1
0,0.0,0.0,0.0,-1,-1,-1,-1
-1,-0.2,0.125,0.125,-1,-1,-1,-1
1,0.0,0.0,0.0,-1,-1,-1,-1
0,0.1,0.06666666666666667,0.0,-1,-1,-1,-1
0,0.0,0.0,0.0,-1,-1,-1,-1
0,0.0,0.0,0.0,-1,-1,-1,-1
0,0.0,0.0,0.0,0.32075471698113206,0.33490566037735847,141,0
1,-0.14583333333333334,0.0,0.05,-1,-1,-1,-1
0,0.2875,0.1875,0.0625,-1,-1,-1,-1
1,0.0,0.0,0.0,-1,-1,-1,-1
1,1.0,0.058823529411764705,0.0,0.24193548387096775,0.34516129032258064,103,0
1,0.25,0.13333333333333333,0.0,-1,-1,-1,-1
1,0.25,0.25,0.0,-1,-1,-1,-1
1,0.06666666666666667,0.04,0.0,-1,-1,-1,-1
1,0.9,0.1,0.0,-1,-1,-1,-1
0,0.0,0.0,0.0,-1,-1,-1,-1
0,0.12499999999999999,0.0625,0.0625,-1,-1,-1,-1
0,-0.5,0.0,0.08333333333333333,-1,-1,-1,-1
0,-0.5,0.0,0.06666666666666667,-1,-1,-1,-1
1,0.475,0.10526315789473684,0.0,-1,-1,-1,-1
1,0.375,0.11764705882352941,0.0,-1,-1,-1,-1
0,-0.15000000000000002,0.09090909090909091,0.09090909090909091,0.30416666666666664,0.33333333333333331,80,0
0,0.0,0.0,0.0,-1,-1,-1,-1
1,0.8,0.09090909090909091,0.0,-1,-1,-1,-1
-1,-0.5,0.0,0.041666666666666664,-1,-1,-1,-1
0,0.0,0.0,0.0,-1,-1,-1,-1
1,0.0,0.0,0.0,-1,-1,-1,-1
1,0.484375,0.10526315789473684,0.0,-1,-1,-1,-1
1,1.0,0.045454545454545456,0.0,-1,-1,-1,-1
0,-0.25,0.0,0.14285714285714285,-1,-1,-1,-1
-1,0.125,0.06666666666666667,0.06666666666666667,-1,-1,-1,-1
0,0.0,0.0,0.0,-1,-1,-1,-1
0,0.7,0.05555555555555555,0.0,-1,-1,-1,-1
1,0.35,0.25,0.0,-1,-1,-1,-1
1,0.5833333333333334,0.14285714285714285,0.0,-1,-1,-1,-1
1,0.0,0.0,0.0,-1,-1,-1,-1
1,0.5333333333333333,0.12,0.0,-1,-1,-1,-1
-1,0.0,0.0,0.0,-1,-1,-1,-1
0,0.0,0.0,0.0,-1,-1,-1,-1
1,0.8,0.14285714285714285,0.0,0.34246575342465752,0.33333333333333331,73,0
1,0.0,0.0,0.0,-1,-1,-1,-1
1,0.3125,0.05263157894736842,0.0,-1,-1,-1,-1
0,0.0,0.0,0.0,-1,-1,-1,-1
1,0.625,0.2,0.0,-1,-1,-1,-1
1,0.0,0.0,0.0,-1,-1,-1,-1
1,1.0,0.1111111111111111,0.0,0.2537313432835821,0.3383084577114428,67,0
1,0.26666666666666666,0.14285714285714285,0.0,0.29393939393939394,0.32424242424242422,110,0
1,1.0,0.25,0.0,-1,-1,-1,-1
1,0.0,0.0,0.0,-1,-1,-1,-1
1,0.3,0.2857142857142857,0.0,-1,-1,-1,-1
1,0.05,0.047619047619047616,0.0,-1,-1,-1,-1
1,0.22499999999999998,0.09090909090909091,0.09090909090909091,-1,-1,-1,-1
0,0.45833333333333337,0.13333333333333333,0.0,-1,-1,-1,-1
0,0.04285714285714287,0.058823529411764705,0.058823529411764705,-1,-1,-1,-1
0,0.0,0.0,0.0,-1,-1,-1,-1
0,0.05,0.08333333333333333,0.0,-1,-1,-1,-1
1,0.0,0.0,0.0,-1,-1,-1,-1
1,0.25,0.07692307692307693,0.0,-1,-1,-1,-1
0,1.0,0.0625,0.0,-1,-1,-1,-1
0,0.0,0.0,0.0,-1,-1,-1,-1
0,0.3166666666666667,0.3333333333333333,0.0,-1,-1,-1,-1
0,0.275,0.125,0.125,-1,-1,-1,-1
1,0.27499999999999997,0.2727272727272727,0.0,0.32471264367816094,0.32758620689655171,116,0
-1,-0.55,0.0,0.16666666666666666,-1,-1,-1,-1
0,0.65,0.2,0.0,-1,-1,-1,-1
0,0.07777777777777779,0.10526315789473684,0.05263157894736842,-1,-1,-1,-1
0,0.0,0.0,0.0,-1,-1,-1,-1
1,0.2857142857142857,0.0625,0.0,-1,-1,-1,-1
1,0.0,0.0,0.0,-1,-1,-1,-1
1,0.675,0.14285714285714285,0.0,-1,-1,-1,-1
1,0.25,0.058823529411764705,0.0,-1,-1,-1,-1
1,0.0,0.0,0.0,-1,-1,-1,-1
0,0.640625,0.09090909090909091,0.0,-1,-1,-1,-1
1,0.55,0.125,0.0,-1,-1,-1,-1
1,-0.32222222222222224,0.06666666666666667,0.13333333333333333,-1,-1,-1,-1
0,0.0,0.0,0.0,-1,-1,-1,-1
-1,0.0,0.0,0.0,-1,-1,-1,-1
1,0.19999999999999998,0.09523809523809523,0.047619047619047616,-1,-1,-1,-1
0,0.35,0.125,0.0,-1,-1,-1,-1
1,0.42499999999999993,0.1875,0.0625,-1,-1,-1,-1
1,0.5875,0.21428571428571427,0.0,-1,-1,-1,-1
-1,-0.35,0.0,0.25,-1,-1,-1,-1
1,-0.4,0.0,0.047619047619047616,-1,-1,-1,-1
1,0.32222222222222224,0.05555555555555555,0.05555555555555555,-1,-1,-1,-1
0,-0.30000000000000004,0.0,0.05555555555555555,-1,-1,-1,-1
-1,0.8,0.1,0.0,-1,-1,-1,-1
1,0.0,0.0,0.0,-1,-1,-1,-1
0,0.1,0.0625,0.0,-1,-1,-1,-1
-1,-0.1,0.0,0.08333333333333333,-1,-1,-1,-1
0,-0.25,0.0,0.08,0.33428165007112376,0.33285917496443812,234,0
0,0.9099999999999999,0.16666666666666666,0.0,-1,-1,-1,-1
0,0.0,0.0,0.0,-1,-1,-1,-1
0,0.0,0.0,0.0,-1,-1,-1,-1
-1,0.0,0.0,0.0,-1,-1,-1,-1
1,0.4,0.047619047619047616,0.0,-1,-1,-1,-1
0,0.425,0.05263157894736842,0.0,-1,-1,-1,-1
1,-0.19999999999999998,0.041666666666666664,0.041666666666666664,-1,-1,-1,-1
0,0.0,0.0,0.0,-1,-1,-1,-1
1,0.4505050505050505,0.21428571428571427,0.0,-1,-1,-1,-1
1,0.0,0.0,0.0,-1,-1,-1,-1
0,0.175,0.13333333333333333,0.0,-1,-1,-1,-1
1,1.0,0.16666666666666666,0.0,-1,-1,-1,-1
1,0.5,0.038461538461538464,0.0,-1,-1,-1,-1
1,0.2215909090909091,0.13043478260869565,0.0,-1,-1,-1,-1
0,0.04999999999999999,0.05263157894736842,0.05263157894736842,-1,-1,-1,-1
1,0.5,0.14285714285714285,0.0,-1,-1,-1,-1
1,-0.19444444444444448,0.0,0.041666666666666664,-1,-1,-1,-1
0,-0.30000000000000004,0.0,0.05555555555555555,-1,-1,-1,-1
0,0.2833333333333334,0.15789473684210525,0.0,-1,-1,-1,-1
0,-0.25,0.0,0.07692307692307693,-1,-1,-1,-1
0,0.0,0.0,0.0,-1,-1,-1,-1
-1,0.0,0.0,0.0,-1,-1,-1,-1
-1,-0.22285714285714286,0.04,0.12,-1,-1,-1,-1
1,0.375,0.0625,0.0,-1,-1,-1,-1
1,0.0,0.0,0.0,-1,-1,-1,-1
1,0.45,0.11764705882352941,0.0,-1,-1,-1,-1
0,-0.16874999999999998,0.0,0.17647058823529413,-1,-1,-1,-1
0,-0.30000000000000004,0.0,0.05555555555555555,-1,-1,-1,-1
0,0.08666666666666667,0.13333333333333333,0.0,-1,-1,-1,-1
1,1.0,0.058823529411764705,0.0,-1,-1,-1,-1
0,0.1983333333333333,0.2,0.05,-1,-1,-1,-1
0,0.1,0.0625,0.0,-1,-1,-1,-1
-1,0.0,0.0,0.0,-1,-1,-1,-1
0,0.0,0.0,0.0,-1,-1,-1,-1
-1,-0.8,0.0,0.16666666666666666,-1,-1,-1,-1
0,0.0,0.0,0.0,-1,-1,-1,-1
1,0.5333333333333333,0.17647058823529413,0.0,-1,-1,-1,-1
1,0.1568181818181818,0.15789473684210525,0.0,-1,-1,-1,-1
0,0.3499999999999999,0.047619047619047616,0.0,-1,-1,-1,-1
0,0.0,0.0,0.0,-1,-1,-1,-1
1,0.0,0.0,0.0,-1,-1,-1,-1
1,0.1,0.07692307692307693,0.0,-1,-1,-1,-1
1,0.4121212121212121,0.16666666666666666,0.0,-1,-1,-1,-1
1,-0.06666666666666667,0.0625,0.0625,-1,-1,-1,-1
1,0.13636363636363635,0.05,0.0,-1,-1,-1,-1
1,0.6,0.1,0.0,-1,-1,-1,-1
-1,-0.25,0.0,0.09090909090909091,-1,-1,-1,-1
-1,-0.5,0.0,0.1111111111111111,-1,-1,-1,-1
1,0.7,0.06666666666666667,0.0,-1,-1,-1,-1
1,0.0,0.0,0.0,-1,-1,-1,-1
-1,-0.75,0.0,0.1,-1,-1,-1,-1
1,0.225,0.16666666666666666,0.0,0.28235294117647058,0.35882352941176471,113,0
-1,0.033333333333333326,0.05,0.05,-1,-1,-1,-1
0,0.0,0.0,0.0,-1,-1,-1,-1
1,0.2,0.058823529411764705,0.0,-1,-1,-1,-1
-1,-0.6,0.0,0.07142857142857142,-1,-1,-1,-1
-1,0.0,0.0,0.0,-1,-1,-1,-1
-1,0.19999999999999998,0.058823529411764705,0.058823529411764705,-1,-1,-1,-1
1,0.42500000000000004,0.25,0.0,-1,-1,-1,-1
0,0.16666666666666666,0.058823529411764705,0.0,-1,-1,-1,-1
1,1.0,0.0625,0.0,-1,-1,-1,-1
1,0.15,0.07692307692307693,0.0,-1,-1,-1,-1
0,0.25,0.05,0.0,-1,-1,-1,-1
-1,0.07500000000000001,0.15384615384615385,0.0,-1,-1,-1,-1
1,0.35,0.0625,0.0,-1,-1,-1,-1
1,0.3,0.05263157894736842,0.0,-1,-1,-1,-1
-1,0.0,0.037037037037037035,0.037037037037037035,-1,-1,-1,-1
0,0.2222222222222222,0.125,0.0,-1,-1,-1,-1
1,0.2,0.058823529411764705,0.0,-1,-1,-1,-1
1,0.09333333333333334,0.05555555555555555,0.05555555555555555,0.30386740331491713,0.34530386740331492,120,0
0,0.09999999999999999,0.05555555555555555,0.05555555555555555,-1,-1,-1,-1
0,0.16666666666666666,0.08333333333333333,0.0,-1,-1,-1,-1
1,-0.16666666666666666,0.0,0.0625,-1,-1,-1,-1
0,0.5,0.05555555555555555,0.0,-1,-1,-1,-1
1,0.5,0.09090909090909091,0.0,-1,-1,-1,-1
0,0.1515151515151515,0.15384615384615385,0.0,-1,-1,-1,-1
1,-0.16666666666666666,0.0,0.07692307692307693,-1,-1,-1,-1
0,0.3333333333333333,0.25,0.0,-1,-1,-1,-1
1,0.1861111111111111,0.05263157894736842,0.10526315789473684,-1,-1,-1,-1
1,0.0,0.0,0.0,-1,-1,-1,-1
1,0.2375,0.09090909090909091,0.0,-1,-1,-1,-1
0,0.0,0.0,0.0,-1,-1,-1,-1
0,0.06818181818181818,0.05555555555555555,0.0,-1,-1,-1,-1
-1,-0.1,0.0,0.07692307692307693,-1,-1,-1,-1
1,0.321875,0.16666666666666666,0.0,-1,-1,-1,-1
1,0.55,0.2,0.0,-1,-1,-1,-1
0,-0.3038194444444445,0.0,0.07142857142857142,-1,-1,-1,-1
1,0.0,0.0,0.0,-1,-1,-1,-1
-1,-1.0,0.0,0.047619047619047616,-1,-1,-1,-1
0,0.17045454545454544,0.058823529411764705,0.0,-1,-1,-1,-1
1,0.0,0.0,0.0,-1,-1,-1,-1
0,-0.30000000000000004,0.0,0.05555555555555555,-1,-1,-1,-1
0,0.0,0.0,0.0,-1,-1,-1,-1
-1,0.0,0.0,0.0,-1,-1,-1,-1
-1,-0.9494357638888888,0.0,0.05555555555555555,-1,-1,-1,-1
1,0.375,0.10526315789473684,0.0,-1,-1,-1,-1
1,1.0,0.0625,0.0,0.32892249527410206,0.33459357277882795,176,0
0,0.3035714285714286,0.125,0.0,-1,-1,-1,-1
-1,0.0,0.0,0.0,-1,-1,-1,-1
-1,-0.4,0.0,0.09090909090909091,-1,-1,-1,-1
1,0.8,0.07142857142857142,0.0,-1,-1,-1,-1
1,0.85,0.047619047619047616,0.0,-1,-1,-1,-1
0,0.0,0.0,0.0,-1,-1,-1,-1
0,0.0,0.0,0.0,-1,-1,-1,-1
0,0.0,0.0,0.0,-1,-1,-1,-1
1,0.75,0.18181818181818182,0.0,-1,-1,-1,-1
-1,0.175,0.09090909090909091,0.0,-1,-1,-1,-1
0,-0.30000000000000004,0.0,0.05555555555555555,-1,-1,-1,-1
1,0.2,0.06666666666666667,0.0,-1,-1,-1,-1
1,0.65,0.15384615384615385,0.0,-1,-1,-1,-1
-1,-0.30000000000000004,0.0,0.058823529411764705,-1,-1,-1,-1
1,0.3125,0.08333333333333333,0.0,-1,-1,-1,-1
-1,-0.75,0.0,0.25,-1,-1,-1,-1
1,0.65,0.25,0.0,-1,-1,-1,-1
1,0.425,0.07142857142857142,0.0,-1,-1,-1,-1
1,0.39,0.05555555555555555,0.0,-1,-1,-1,-1
0,0.0,0.0,0.0,-1,-1,-1,-1
-1,0.0,0.0,0.0,-1,-1,-1,-1
0,0.75,0.1111111111111111,0.0,-1,-1,-1,-1
1,-0.8,0.0,0.058823529411764705,-1,-1,-1,-1
0,0.5388888888888889,0.21428571428571427,0.0,-1,-1,-1,-1
0,0.5,0.05555555555555555,0.0,-1,-1,-1,-1
1,0.0,0.0,0.0,-1,-1,-1,-1
1,0.25,0.09090909090909091,0.0,-1,-1,-1,-1
1,0.0,0.0,0.0,-1,-1,-1,-1
1,0.2,0.07142857142857142,0.0,-1,-1,-1,-1
0,0.0,0.0,0.0,-1,-1,-1,-1
1,0.6,0.09090909090909091,0.0,-1,-1,-1,-1
-1,-0.5,0.0,0.09090909090909091,-1,-1,-1,-1
1,0.075,0.09090909090909091,0.09090909090909091,-1,-1,-1,-1
1,0.0,0.0,0.0,-1,-1,-1,-1
1,1.0,0.0625,0.0,-1,-1,-1,-1
1,0.43333333333333335,0.09090909090909091,0.0,-1,-1,-1,-1
0,0.0,0.0,0.0,-1,-1,-1,-1
0,0.5,0.08333333333333333,0.0,-1,-1,-1,-1
0,0.0,0.0,0.0,-1,-1,-1,-1
0,0.46875,0.058823529411764705,0.0,-1,-1,-1,-1
1,0.4,0.0625,0.0,0.33096926713947988,0.27659574468085107,141,1
1,0.2916666666666667,0.2,0.0,0.33438485804416401,0.33123028391167192,211,0
1,0.30000000000000004,0.09523809523809523,0.0,-1,-1,-1,-1
-1,0.0,0.0,0.0,-1,-1,-1,-1
0,1.0,0.0625,0.0,-1,-1,-1,-1
0,0.6,0.14285714285714285,0.0,-1,-1,-1,-1
1,0.0,0.0,0.0,-1,-1,-1,-1
1,0.0,0.0,0.0,-1,-1,-1,-1
1,0.3022727272727273,0.18181818181818182,0.09090909090909091,-1,-1,-1,-1
1,0.14500000000000002,0.045454545454545456,0.045454545454545456,-1,-1,-1,-1
-1,0.0,0.0,0.0,-1,-1,-1,-1
1,0.2,0.09090909090909091,0.0,-1,-1,-1,-1
0,0.0,0.0,0.0,-1,-1,-1,-1
1,0.3125,0.07142857142857142,0.0,-1,-1,-1,-1
0,0.2,0.08333333333333333,0.0,-1,-1,-1,-1
1,-0.09114583333333334,0.058823529411764705,0.11764705882352941,-1,-1,-1,-1
0,0.0,0.0,0.0,-1,-1,-1,-1
0,-0.07142857142857142,0.0,0.05555555555555555,-1,-1,-1,-1
0,0.0,0.0,0.0,-1,-1,-1,-1
1,-0.6,0.0,0.06666666666666667,-1,-1,-1,-1
0,-0.15,0.05555555555555555,0.05555555555555555,-1,-1,-1,-1
1,0.75,0.1111111111111111,0.0,-1,-1,-1,-1
1,1.0,0.05,0.0,-1,-1,-1,-1
0,-0.275,0.0,0.11764705882352941,-1,-1,-1,-1
-1,0.0,0.0,0.0,-1,-1,-1,-1
-1,0.0,0.0,0.0,-1,-1,-1,-1
-1,-0.041666666666666664,0.0,0.07142857142857142,-1,-1,-1,-1
0,0.2,0.0625,0.0,-1,-1,-1,-1
0,-0.4375,0.0,0.10526315789473684,0.30813953488372092,0.33720930232558138,57,0
1,0.625,0.07142857142857142,0.0,-1,-1,-1,-1
0,0.0,0.0,0.0,0.31707317073170732,0.29268292682926828,13,0
0,0.03388888888888888,0.05,0.1,-1,-1,-1,-1
1,0.09999999999999999,0.05,0.05,-1,-1,-1,-1
-1,0.5,0.1111111111111111,0.0,-1,-1,-1,-1
1,0.5,0.047619047619047616,0.0,-1,-1,-1,-1
1,0.0,0.0,0.0,-1,-1,-1,-1
1,0.25,0.1111111111111111,0.0,-1,-1,-1,-1
1,0.42500000000000004,0.1111111111111111,0.0,-1,-1,-1,-1
1,0.0,0.0,0.0,-1,-1,-1,-1
1,0.9,0.1,0.0,-1,-1,-1,-1
1,0.25,0.0625,0.0,-1,-1,-1,-1
1,0.2,0.25,0.0,-1,-1,-1,-1
1,0.75,0.14285714285714285,0.0,-1,-1,-1,-1
0,0.0,0.0,0.0,-1,-1,-1,-1
-1,-0.025000000000000005,0.045454545454545456,0.045454545454545456,-1,-1,-1,-1
-1,-0.6,0.0,0.06666666666666667,-1,-1,-1,-1
0,0.5,0.07692307692307693,0.0,-1,-1,-1,-1
-1,0.022222222222222292,0.125,0.0625,-1,-1,-1,-1
1,0.25,0.06666666666666667,0.06666666666666667,-1,-1,-1,-1
1,-0.095,0.047619047619047616,0.09523809523809523,-1,-1,-1,-1
1,0.4000000000000001,0.14285714285714285,0.0,-1,-1,-1,-1
1,0.41666666666666663,0.10526315789473684,0.0,-1,-1,-1,-1
1,0.10000000000000002,0.10526315789473684,0.05263157894736842,-1,-1,-1,-1
0,0.0,0.0,0.0,-1,-1,-1,-1
-1,0.25,0.09090909090909091,0.0,-1,-1,-1,-1
1,0.6000000000000001,0.23529411764705882,0.0,-1,-1,-1,-1
1,1.0,0.07692307692307693,0.0,-1,-1,-1,-1
0,0.0,0.0,0.0,-1,-1,-1,-1
1,0.4333333333333333,0.1,0.05,-1,-1,-1,-1
1,0.61875,0.09523809523809523,0.0,0.32035928143712578,0.31736526946107785,111,0
1,1.0,0.16666666666666666,0.0,-1,-1,-1,-1
1,0.9,0.125,0.0,-1,-1,-1,-1
-1,0.0,0.0,0.0,-1,-1,-1,-1
-1,-0.2,0.0,0.125,-1,-1,-1,-1
1,0.525,0.14285714285714285,0.0,-1,-1,-1,-1
-1,0.2,0.2,0.0,-1,-1,-1,-1
-1,0.0,0.0,0.0,-1,-1,-1,-1
1,0.0,0.0,0.0,-1,-1,-1,-1
0,0.0,0.0,0.0,-1,-1,-1,-1
1,1.0,0.05555555555555555,0.0,-1,-1,-1,-1
1,0.675,0.07692307692307693,0.0,-1,-1,-1,-1
0,0.5666666666666667,0.2,0.0,-1,-1,-1,-1
1,0.275,0.11538461538461539,0.0,-1,-1,-1,-1
0,0.5,0.05,0.0,-1,-1,-1,-1
1,0.125,0.05555555555555555,0.0,-1,-1,-1,-1
0,0.0,0.0,0.0,-1,-1,-1,-1
0,0.8,0.058823529411764705,0.0,-1,-1,-1,-1
-1,-0.1277777777777778,0.0,0.1,-1,-1,-1,-1
0,0.0,0.0,0.0,-1,-1,-1,-1
1,0.8833333333333333,0.15789473684210525,0.0,-1,-1,-1,-1
0,0.23303571428571426,0.14285714285714285,0.047619047619047616,0.30640668523676878,0.3426183844011142,119,0
0,0.0,0.0,0.0,-1,-1,-1,-1
-1,0.0,0.0,0.0,-1,-1,-1,-1
1,0.0,0.0,0.0,-1,-1,-1,-1
0,0.0,0.0,0.0,-1,-1,-1,-1
0,0.019999999999999997,0.045454545454545456,0.045454545454545456,-1,-1,-1,-1
0,0.04375,0.041666666666666664,0.08333333333333333,-1,-1,-1,-1
1,0.0,0.0,0.0,-1,-1,-1,-1
0,0.1125,0.14285714285714285,0.0,-1,-1,-1,-1
1,1.0,0.07142857142857142,0.0,0.30982367758186397,0.33753148614609574,132,0
1,-0.3333333333333333,0.0,0.0625,-1,-1,-1,-1
0,0.59765625,0.14285714285714285,0.0,-1,-1,-1,-1
1,1.0,0.07692307692307693,0.0,-1,-1,-1,-1
0,0.0,0.0,0.0,0.29241877256317689,0.33574007220216606,92,0
-1,0.0,0.0,0.0,-1,-1,-1,-1
1,0.3055555555555555,0.3076923076923077,0.15384615384615385,-1,-1,-1,-1
0,0.0,0.0,0.0,0.28198433420365537,0.35509138381201044,127,0
0,0.0,0.0,0.0,-1,-1,-1,-1
-1,0.0,0.0,0.0,-1,-1,-1,-1
-1,0.0,0.0,0.0,-1,-1,-1,-1
1,0.025,0.09523809523809523,0.047619047619047616,-1,-1,-1,-1
1,0.5,0.06666666666666667,0.0,-1,-1,-1,-1
1,0.3814697265625,0.058823529411764705,0.0,-1,-1,-1,-1
-1,-0.05,0.041666666666666664,0.041666666666666664,-1,-1,-1,-1
1,0.0,0.0,0.0,-1,-1,-1,-1
-1,0.1,0.09090909090909091,0.0,-1,-1,-1,-1
1,0.2347184065934066,0.11764705882352941,0.11764705882352941,-1,-1,-1,-1
0,0.16145833333333331,0.14285714285714285,0.07142857142857142,-1,-1,-1,-1
1,0.25,0.058823529411764705,0.0,-1,-1,-1,-1
0,0.0,0.0,0.0,-1,-1,-1,-1
0,-0.13333333333333333,0.0,0.11764705882352941,0.24621212121212122,0.33333333333333331,88,0
1,0.625,0.09090909090909091,0.0,-1,-1,-1,-1
0,-0.05,0.0,0.16666666666666666,-1,-1,-1,-1
-1,-0.15,0.0,0.25,-1,-1,-1,-1
-1,0.0,0.0,0.0,-1,-1,-1,-1
1,0.29375,0.10526315789473684,0.0,-1,-1,-1,-1
0,0.03333333333333333,0.041666666666666664,0.0,-1,-1,-1,-1
0,-1.0,0.0,0.045454545454545456,0.26440677966101694,0.32881355932203388,98,0
1,0.0,0.0,0.0,-1,-1,-1,-1
0,0.0,0.0,0.0,-1,-1,-1,-1
0,0.3,0.11764705882352941,0.058823529411764705,-1,-1,-1,-1
0,0.22727272727272727,0.058823529411764705,0.0,-1,-1,-1,-1
1,0.0,0.0,0.0,-1,-1,-1,-1
0,0.15000000000000002,0.0625,0.0625,-1,-1,-1,-1
1,0.59765625,0.125,0.0,-1,-1,-1,-1
1,0.5666666666666667,0.11764705882352941,0.0,-1,-1,-1,-1
1,0.6071428571428571,0.1111111111111111,0.0,-1,-1,-1,-1
0,0.0,0.0,0.0,-1,-1,-1,-1
-1,0.0,0.0,0.0,-1,-1,-1,-1
1,0.25,0.08333333333333333,0.0,-1,-1,-1,-1
1,0.0,0.0,0.0,-1,-1,-1,-1
1,0.0,0.0,0.0,-1,-1,-1,-1
1,1.0,0.08333333333333333,0.0,-1,-1,-1,-1
0,0.0,0.0,0.0,-1,-1,-1,-1
-1,0.05,0.07692307692307693,0.0,-1,-1,-1,-1
-1,0.25,0.2,0.0,-1,-1,-1,-1
1,0.10000000000000005,0.18181818181818182,0.09090909090909091,-1,-1,-1,-1
0,0.8,0.05,0.0,-1,-1,-1,-1
-1,-0.125,0.0,0.04,-1,-1,-1,-1
1,1.0,0.125,0.0,-1,-1,-1,-1
1,0.762939453125,0.09090909090909091,0.0,-1,-1,-1,-1
-1,-0.125,0.0,0.07692307692307693,-1,-1,-1,-1
0,0.19166666666666665,0.041666666666666664,0.041666666666666664,-1,-1,-1,-1
0,0.15000000000000002,0.17647058823529413,0.0,-1,-1,-1,-1
0,0.115,0.10526315789473684,0.0,-1,-1,-1,-1
-1,-0.5,0.0,0.1,-1,-1,-1,-1
1,0.425,0.14285714285714285,0.0,-1,-1,-1,-1
1,0.55,0.16666666666666666,0.0,-1,-1,-1,-1
1,0.0,0.045454545454545456,0.045454545454545456,-1,-1,-1,-1
1,0.7,0.08333333333333333,0.0,-1,-1,-1,-1
1,0.0,0.0,0.0,-1,-1,-1,-1
-1,0.0,0.0,0.0,-1,-1,-1,-1
0,0.0,0.0,0.0,-1,-1,-1,-1
0,0.0,0.0,0.0,-1,-1,-1,-1
-1,0.0,0.0,0.0,-1,-1,-1,-1
0,0.5,0.1111111111111111,0.0,0.25255972696245732,0.34812286689419797,97,0
-1,0.5,0.047619047619047616,0.0,-1,-1,-1,-1
0,-0.5,0.0,0.07142857142857142,-1,-1,-1,-1
0,0.0,0.0,0.0,-1,-1,-1,-1
-1,0.027777777777777773,0.11764705882352941,0.058823529411764705,-1,-1,-1,-1
0,0.47222222222222227,0.15,0.0,-1,-1,-1,-1
-1,0.0,0.0,0.0,-1,-1,-1,-1
1,0.0,0.0,0.0,-1,-1,-1,-1
1,0.4083333333333334,0.21428571428571427,0.0,-1,-1,-1,-1
-1,0.3125,0.1111111111111111,0.0,-1,-1,-1,-1
1,0.14814814814814814,0.08333333333333333,0.08333333333333333,0.36392405063291139,0.32911392405063289,105,0
-1,-0.34375,0.0,0.2222222222222222,-1,-1,-1,-1
1,1.0,0.05,0.0,-1,-1,-1,-1
1,0.5,0.15384615384615385,0.0,-1,-1,-1,-1
1,0.0,0.0,0.0,-1,-1,-1,-1
0,0.25,0.05263157894736842,0.0,-1,-1,-1,-1
0,0.0,0.0,0.0,-1,-1,-1,-1
1,0.7,0.06666666666666667,0.0,-1,-1,-1,-1
1,0.8,0.1111111111111111,0.0,-1,-1,-1,-1
-1,0.0,0.0,0.0,0.33620689655172414,0.33275862068965517,193,0
1,0.28750000000000003,0.11764705882352941,0.058823529411764705,-1,-1,-1,-1
0,0.0,0.0,0.0,-1,-1,-1,-1
1,0.0,0.0,0.0,-1,-1,-1,-1
1,0.1,0.043478260869565216,0.0,-1,-1,-1,-1
0,0.0,0.0,0.0,-1,-1,-1,-1
1,0.8375,0.11764705882352941,0.0,-1,-1,-1,-1
-1,0.0,0.0,0.0,-1,-1,-1,-1
0,0.0,0.0,0.0,-1,-1,-1,-1
0,0.13636363636363635,0.05555555555555555,0.0,-1,-1,-1,-1
0,-0.0625,0.0,0.06666666666666667,-1,-1,-1,-1
0,0.0,0.0,0.0,-1,-1,-1,-1
1,0.15,0.10526315789473684,0.0,-1,-1,-1,-1
1,0.0,0.0,0.0,-1,-1,-1,-1
0,-0.30000000000000004,0.0,0.05555555555555555,-1,-1,-1,-1
1,0.35,0.25,0.0,-1,-1,-1,-1
0,0.13333333333333333,0.047619047619047616,0.047619047619047616,-1,-1,-1,-1
1,0.02857142857142858,0.25,0.125,-1,-1,-1,-1
-1,0.2,0.07142857142857142,0.0,-1,-1,-1,-1
0,0.0,0.0,0.0,-1,-1,-1,-1
0,0.35,0.0625,0.0,-1,-1,-1,-1
-1,0.0,0.05263157894736842,0.05263157894736842,-1,-1,-1,-1
0,0.0,0.0,0.0,-1,-1,-1,-1
-1,-0.4,0.0,0.2,-1,-1,-1,-1
0,0.0,0.0,0.0,-1,-1,-1,-1
0,0.0,0.0,0.0,-1,-1,-1,-1
1,0.26633522727272724,0.0625,0.0,-1,-1,-1,-1
0,0.0,0.0,0.0,-1,-1,-1,-1
0,0.0,0.0,0.0,-1,-1,-1,-1
1,0.3571428571428571,0.08333333333333333,0.0,0.28414096916299558,0.32819383259911894,151,0
0,-0.30000000000000004,0.0,0.05555555555555555,-1,-1,-1,-1
-1,-1.0,0.0,0.1111111111111111,-1,-1,-1,-1
-1,0.2,0.058823529411764705,0.0,-1,-1,-1,-1
1,0.0,0.0,0.0,-1,-1,-1,-1
1,0.0,0.0,0.0,-1,-1,-1,-1
1,0.05,0.1111111111111111,0.0,0.26785714285714285,0.3080357142857143,74,0
1,0.5,0.18181818181818182,0.0,-1,-1,-1,-1
1,0.0,0.0,0.0,-1,-1,-1,-1
0,0.0,0.0,0.0,0.28719723183391005,0.3217993079584775,96,1
1,0.0,0.0,0.0,-1,-1,-1,-1
0,0.0,0.0,0.0,-1,-1,-1,-1
1,0.0,0.0,0.0,-1,-1,-1,-1
1,0.19999999999999998,0.07692307692307693,0.15384615384615385,-1,-1,-1,-1
0,0.0,0.0,0.0,-1,-1,-1,-1
-1,-1.0,0.0,0.16666666666666666,-1,-1,-1,-1
-1,0.13636363636363635,0.125,0.0,0.21428571428571427,0.29523809523809524,70,0
0,0.0,0.0,0.0,-1,-1,-1,-1
0,0.0,0.0,0.0,-1,-1,-1,-1
1,-0.03333333333333334,0.18181818181818182,0.09090909090909091,-1,-1,-1,-1
0,0.0,0.0,0.0,-1,-1,-1,-1
0,0.0,0.0,0.0,0.27586206896551724,0.29310344827586204,38,0
0,-0.30000000000000004,0.0,0.05555555555555555,-1,-1,-1,-1
1,0.0625,0.14285714285714285,0.14285714285714285,-1,-1,-1,-1
1,0.10416666666666666,0.07142857142857142,0.07142857142857142,-1,-1,-1,-1
-1,-0.2,0.0,0.07692307692307693,-1,-1,-1,-1
0,0.0,0.0,0.0,-1,-1,-1,-1
1,0.2,0.1111111111111111,0.0,-1,-1,-1,-1
0,0.0,0.0,0.0,-1,-1,-1,-1
1,0.5,0.09090909090909091,0.0,-1,-1,-1,-1
1,0.225,0.14285714285714285,0.0,-1,-1,-1,-1
1,0.1,0.07142857142857142,0.0,-1,-1,-1,-1
0,0.0,0.0,0.0,-1,-1,-1,-1
0,0.0,0.0,0.0,-1,-1,-1,-1
1,0.0,0.0,0.0,-1,-1,-1,-1
1,0.08333333333333334,0.05263157894736842,0.05263157894736842,-1,-1,-1,-1
1,0.7999999999999999,0.1875,0.0,-1,-1,-1,-1
1,0.7500000000000001,0.1111111111111111,0.0,-1,-1,-1,-1
1,0.8,0.14285714285714285,0.0,-1,-1,-1,-1
1,1.0,0.1111111111111111,0.0,-1,-1,-1,-1
0,0.0,0.0,0.0,-1,-1,-1,-1
0,-0.30000000000000004,0.0,0.05555555555555555,-1,-1,-1,-1
0,0.0,0.0,0.0,-1,-1,-1,-1
0,0.0,0.0,0.0,-1,-1,-1,-1
0,0.0,0.0,0.0,-1,-1,-1,-1
1,0.5,0.08333333333333333,0.0,-1,-1,-1,-1
-1,0.0,0.0,0.0,-1,-1,-1,-1
0,0.0,0.0,0.0,-1,-1,-1,-1
-1,-0.6,0.0,0.1,-1,-1,-1,-1
1,0.55,0.23529411764705882,0.0,-1,-1,-1,-1
0,-0.15555555555555559,0.0,0.058823529411764705,-1,-1,-1,-1
-1,-0.08333333333333333,0.0,0.07142857142857142,-1,-1,-1,-1
-1,-0.2,0.0,0.1,-1,-1,-1,-1
-1,-0.125,0.0,0.1111111111111111,-1,-1,-1,-1
-1,-0.25,0.14285714285714285,0.14285714285714285,-1,-1,-1,-1
-1,-0.07500000000000001,0.125,0.125,-1,-1,-1,-1
-1,-0.2,0.0,0.0625,-1,-1,-1,-1
-1,-0.4,0.0,0.09090909090909091,-1,-1,-1,-1
-1,0.0,0.0,0.0,-1,-1,-1,-1
-1,-0.5,0.0,0.04,0.23529411764705882,0.37254901960784315,68,0
-1,-0.4,0.0,0.18181818181818182,-1,-1,-1,-1
-1,0.0986111111111111,0.08695652173913043,0.043478260869565216,-1,-1,-1,-1
-1,-0.5,0.0,0.1,-1,-1,-1,-1
-1,-0.16666666666666666,0.0,0.125,-1,-1,-1,-1
-1,0.0,0.0,0.0,-1,-1,-1,-1
-1,-0.3,0.0,0.08695652173913043,-1,-1,-1,-1
-1,-0.5,0.0,0.3333333333333333,-1,-1,-1,-1
-1,-0.4375,0.0,0.11764705882352941,-1,-1,-1,-1
-1,0.175,0.0625,0.0,-1,-1,-1,-1
-1,-0.4,0.0,0.09090909090909091,-1,-1,-1,-1
-1,0.0,0.0,0.0,-1,-1,-1,-1
-1,0.08333333333333334,0.10526315789473684,0.10526315789473684,-1,-1,-1,-1
-1,0.0,0.0,0.0,-1,-1,-1,-1
-1,-0.125,0.0,0.05555555555555555,-1,-1,-1,-1
-1,0.0,0.0,0.0,-1,-1,-1,-1
-1,0.0,0.0,0.0,-1,-1,-1,-1
-1,-0.30914984809027773,0.07142857142857142,0.14285714285714285,-1,-1,-1,-1
-1,-0.21666666666666667,0.0,0.12,-1,-1,-1,-1
-1,-0.8,0.0,0.07142857142857142,-1,-1,-1,-1
-1,-1.0,0.0,0.2,-1,-1,-1,-1
-1,-0.8,0.0,0.058823529411764705,-1,-1,-1,-1
-1,-0.09999999999999999,0.0625,0.0625,0.30678466076696165,0.36578171091445427,113,0
-1,-0.3333333333333333,0.0,0.16666666666666666,-1,-1,-1,-1
-1,0.0,0.0,0.0,-1,-1,-1,-1
-1,-0.15,0.0,0.25,-1,-1,-1,-1
-1,-0.125,0.0,0.13333333333333333,-1,-1,-1,-1
-1,-0.075,0.043478260869565216,0.043478260869565216,-1,-1,-1,-1
1,0.0,0.0,0.0,-1,-1,-1,-1
1,0.3,0.125,0.0,0.31542056074766356,0.33411214953271029,142,0
0,0.0,0.0,0.0,-1,-1,-1,-1
1,0.5,0.06666666666666667,0.0,-1,-1,-1,-1
1,0.30000000000000004,0.0625,0.0,-1,-1,-1,-1
0,0.0,0.0,0.0,-1,-1,-1,-1
0,0.0,0.0,0.0,-1,-1,-1,-1
-1,0.04375000000000001,0.045454545454545456,0.09090909090909091,0.29508196721311475,0.35737704918032787,101,0
1,0.13636363636363635,0.043478260869565216,0.0,-1,-1,-1,-1
1,0.23333333333333336,0.14285714285714285,0.07142857142857142,-1,-1,-1,-1
1,0.15,0.05263157894736842,0.05263157894736842,-1,-1,-1,-1
1,0.1,0.08333333333333333,0.0,-1,-1,-1,-1
0,0.0,0.0,0.0,-1,-1,-1,-1
0,0.0,0.0,0.0,-1,-1,-1,-1
0,0.0,0.0,0.0,0.31034482758620691,0.32758620689655171,116,0
1,0.3333333333333333,0.13333333333333333,0.06666666666666667,-1,-1,-1,-1
1,0.8,0.07142857142857142,0.0,-1,-1,-1,-1
1,1.0,0.08333333333333333,0.0,-1,-1,-1,-1
1,0.21111111111111114,0.05263157894736842,0.05263157894736842,-1,-1,-1,-1
1,0.30000000000000004,0.07692307692307693,0.07692307692307693,-1,-1,-1,-1
0,0.0,0.0,0.0,-1,-1,-1,-1
1,0.4,0.058823529411764705,0.058823529411764705,-1,-1,-1,-1
0,0.0,0.0,0.0,-1,-1,-1,-1
1,0.875,0.07142857142857142,0.0,-1,-1,-1,-1
1,0.171875,0.125,0.0625,-1,-1,-1,-1
1,1.0,0.07142857142857142,0.0,-1,-1,-1,-1
1,0.6,0.2,0.0,-1,-1,-1,-1
1,0.8,0.06666666666666667,0.0,-1,-1,-1,-1
1,0.27999999999999997,0.15789473684210525,0.0,-1,-1,-1,-1
1,-0.16666666666666666,0.0,0.08333333333333333,-1,-1,-1,-1
0,0.0,0.0,0.0,-1,-1,-1,-1
-1,-0.06037326388888889,0.03571428571428571,0.07142857142857142,-1,-1,-1,-1
1,0.0,0.0,0.0,-1,-1,-1,-1
-1,-0.46875,0.0,0.1,-1,-1,-1,-1
1,0.0,0.0,0.0,-1,-1,-1,-1
1,0.2,0.1,0.0,-1,-1,-1,-1
0,0.5,0.10526315789473684,0.0,-1,-1,-1,-1
1,0.1875,0.058823529411764705,0.058823529411764705,-1,-1,-1,-1
0,0.09444444444444444,0.045454545454545456,0.045454545454545456,-1,-1,-1,-1
1,0.3666666666666667,0.21428571428571427,0.0,-1,-1,-1,-1
0,0.0,0.0,0.0,-1,-1,-1,-1
1,0.35,0.1,0.0,-1,-1,-1,-1
1,0.4,0.08333333333333333,0.0,-1,-1,-1,-1
1,0.5,0.05263157894736842,0.0,-1,-1,-1,-1
0,0.0,0.0,0.0,-1,-1,-1,-1
0,0.0,0.0,0.0,-1,-1,-1,-1
0,0.0,0.0,0.0,-1,-1,-1,-1
0,-0.0863095238095238,0.0,0.13333333333333333,-1,-1,-1,-1
1,0.6875,0.1,0.0,-1,-1,-1,-1
1,0.0,0.0,0.0,0.31186440677966104,0.32881355932203388,98,0
-1,-0.2,0.0,0.1,-1,-1,-1,-1
1,1.0,0.1,0.0,-1,-1,-1,-1
0,0.0,0.0,0.0,-1,-1,-1,-1
-1,-0.017045454545454548,0.05,0.05,-1,-1,-1,-1
1,0.0,0.0,0.0,-1,-1,-1,-1
1,0.8,0.07692307692307693,0.0,-1,-1,-1,-1
1,0.0,0.0,0.0,-1,-1,-1,-1
0,0.0,0.0,0.0,-1,-1,-1,-1
0,0.4,0.06666666666666667,0.0,-1,-1,-1,-1
-1,0.0,0.0,0.0,-1,-1,-1,-1
0,0.0,0.0,0.0,-1,-1,-1,-1
1,0.375,0.05555555555555555,0.0,-1,-1,-1,-1
0,0.0,0.0,0.0,-1,-1,-1,-1
-1,-0.3,0.0,0.043478260869565216,-1,-1,-1,-1
1,0.5,0.125,0.0,-1,-1,-1,-1
0,0.0,0.0,0.0,-1,-1,-1,-1
1,0.0,0.0,0.0,-1,-1,-1,-1
1,0.0,0.0,0.0,-1,-1,-1,-1
1,0.35416666666666663,0.15,0.0,-1,-1,-1,-1
1,0.0,0.0,0.0,-1,-1,-1,-1
1,0.8,0.5,0.0,-1,-1,-1,-1
0,-0.2,0.0,0.047619047619047616,-1,-1,-1,-1
-1,-0.5,0.0,0.09090909090909091,-1,-1,-1,-1
0,0.1,0.07692307692307693,0.07692307692307693,-1,-1,-1,-1
0,0.0,0.0,0.0,-1,-1,-1,-1
1,0.3,0.1,0.0,-1,-1,-1,-1
0,0.0,0.0,0.0,-1,-1,-1,-1
1,0.375,0.1,0.0,-1,-1,-1,-1
1,0.6,0.08333333333333333,0.0,-1,-1,-1,-1
1,0.0,0.0,0.0,-1,-1,-1,-1
0,0.0,0.0,0.0,-1,-1,-1,-1
1,0.2857142857142857,0.07142857142857142,0.0,-1,-1,-1,-1
0,0.0,0.0,0.0,-1,-1,-1,-1
0,0.0,0.0,0.0,-1,-1,-1,-1
0,0.0,0.0,0.0,-1,-1,-1,-1
1,0.2,0.05263157894736842,0.0,-1,-1,-1,-1
1,0.0,0.0,0.0,-1,-1,-1,-1
0,0.0,0.0,0.0,-1,-1,-1,-1
0,0.0,0.0,0.0,-1,-1,-1,-1
0,0.0,0.0,0.0,-1,-1,-1,-1
1,0.0,0.0,0.0,-1,-1,-1,-1
1,0.25,0.05263157894736842,0.0,-1,-1,-1,-1
0,0.13636363636363635,0.09090909090909091,0.0,-1,-1,-1,-1
0,-0.15000000000000002,0.0625,0.0625,-1,-1,-1,-1
-1,-0.2,0.0,0.0625,-1,-1,-1,-1
-1,0.2,0.08333333333333333,0.0,-1,-1,-1,-1
0,-0.21,0.0,0.08333333333333333,-1,-1,-1,-1
1,0.39,0.1875,0.0625,-1,-1,-1,-1
1,0.35714285714285715,0.18181818181818182,0.0,-1,-1,-1,-1
-1,-0.3333333333333333,0.041666666666666664,0.08333333333333333,-1,-1,-1,-1
1,1.0,0.1,0.0,-1,-1,-1,-1
1,0.0,0.0,0.0,-1,-1,-1,-1
-1,-0.24776785714285715,0.058823529411764705,0.058823529411764705,-1,-1,-1,-1
-1,-0.6,0.0,0.07692307692307693,-1,-1,-1,-1
1,0.0,0.0,0.0,-1,-1,-1,-1
1,0.5,0.14285714285714285,0.0,-1,-1,-1,-1
1,0.9,0.09090909090909091,0.0,-1,-1,-1,-1
0,0.0,0.0,0.0,-1,-1,-1,-1
1,0.75,0.14285714285714285,0.0,-1,-1,-1,-1
0,0.0,0.0,0.0,-1,-1,-1,-1
1,1.0,0.09090909090909091,0.0,-1,-1,-1,-1
1,0.0,0.0,0.0,-1,-1,-1,-1
1,0.0,0.0,0.0,-1,-1,-1,-1
1,0.0,0.0,0.0,-1,-1,-1,-1
1,0.8,0.05,0.0,-1,-1,-1,-1
1,0.2,0.0625,0.0,-1,-1,-1,-1
0,0.375,0.11764705882352941,0.0,-1,-1,-1,-1
1,0.3,0.09090909090909091,0.0,-1,-1,-1,-1
0,0.0,0.0,0.0,-1,-1,-1,-1
0,0.0,0.0,0.0,-1,-1,-1,-1
1,0.0,0.0,0.0,-1,-1,-1,-1
0,0.0,0.0,0.0,-1,-1,-1,-1
-1,-0.3,0.06666666666666667,0.06666666666666667,-1,-1,-1,-1
0,0.0,0.0,0.0,-1,-1,-1,-1
1,0.825,0.11764705882352941,0.0,-1,-1,-1,-1
0,0.0,0.0,0.0,-1,-1,-1,-1
1,0.35,0.18181818181818182,0.0,-1,-1,-1,-1
1,0.7,0.16666666666666666,0.0,0.34868421052631576,0.33552631578947367,101,0
1,0.85,0.08333333333333333,0.0,-1,-1,-1,-1
1,0.4227272727272728,0.2,0.05,-1,-1,-1,-1
1,-0.23076923076923078,0.0,0.07692307692307693,-1,-1,-1,-1
0,0.0,0.0,0.0,-1,-1,-1,-1
0,0.0,0.0,0.0,-1,-1,-1,-1
1,0.55,0.16666666666666666,0.0,-1,-1,-1,-1
1,0.2,0.16666666666666666,0.0,-1,-1,-1,-1
1,0.5,0.1111111111111111,0.0,-1,-1,-1,-1
1,0.0,0.0,0.0,-1,-1,-1,-1
1,0.625,0.125,0.0,-1,-1,-1,-1
1,0.17045454545454544,0.047619047619047616,0.0,-1,-1,-1,-1
1,0.2,0.09090909090909091,0.0,-1,-1,-1,-1
1,0.17045454545454544,0.07692307692307693,0.0,-1,-1,-1,-1
1,0.0,0.0,0.0,-1,-1,-1,-1
-1,0.1,0.16666666666666666,0.0,-1,-1,-1,-1
1,-0.234375,0.0,0.07692307692307693,-1,-1,-1,-1
1,0.7,0.05,0.0,-1,-1,-1,-1
1,0.6,0.05,0.0,-1,-1,-1,-1
0,0.0,0.0,0.0,-1,-1,-1,-1
0,-0.15555555555555559,0.0,0.07692307692307693,-1,-1,-1,-1
0,-0.234375,0.0,0.07692307692307693,-1,-1,-1,-1
0,-0.05681818181818182,0.0625,0.0625,-1,-1,-1,-1
1,0.5,0.1111111111111111,0.0,-1,-1,-1,-1
1,0.5,0.07692307692307693,0.0,-1,-1,-1,-1
1,0.5,0.06666666666666667,0.0,0.29962546816479402,0.3707865168539326,89,0
1,0.2,0.09090909090909091,0.0,-1,-1,-1,-1
-1,-0.25,0.0,0.09090909090909091,-1,-1,-1,-1
1,0.5166666666666667,0.125,0.0625,-1,-1,-1,-1
1,0.5,0.1,0.0,-1,-1,-1,-1
1,-0.1875,0.0,0.08333333333333333,-1,-1,-1,-1
1,0.5,0.058823529411764705,0.0,-1,-1,-1,-1
0,0.0,0.0,0.0,-1,-1,-1,-1
1,0.46875,0.14285714285714285,0.0,-1,-1,-1,-1
0,0.0,0.0,0.0,-1,-1,-1,-1
-1,0.0,0.0,0.0,-1,-1,-1,-1
0,0.5,0.1,0.0,-1,-1,-1,-1
0,0.0,0.0,0.0,-1,-1,-1,-1
1,0.55,0.15789473684210525,0.0,-1,-1,-1,-1
0,0.5,0.06666666666666667,0.0,-1,-1,-1,-1
-1,-0.19444444444444448,0.0,0.047619047619047616,-1,-1,-1,-1
0,0.0,0.0,0.0,-1,-1,-1,-1
0,0.0,0.0,0.0,-1,-1,-1,-1
1,0.14583333333333334,0.09090909090909091,0.09090909090909091,-1,-1,-1,-1
1,0.6666666666666666,0.2,0.0,-1,-1,-1,-1
1,0.3181818181818182,0.11764705882352941,0.0,0.32016632016632018,0.33056133056133058,160,0
-1,0.0,0.0,0.0,-1,-1,-1,-1
1,0.0,0.0,0.0,-1,-1,-1,-1
0,0.0,0.0,0.0,-1,-1,-1,-1
1,0.5,0.10526315789473684,0.0,-1,-1,-1,-1
0,0.0,0.0,0.0,-1,-1,-1,-1
0,-0.4,0.0,0.125,-1,-1,-1,-1
0,0.0,0.0,0.0,-1,-1,-1,-1
1,0.5,0.05555555555555555,0.0,-1,-1,-1,-1
1,0.25,0.0625,0.0,-1,-1,-1,-1
-1,-0.012500000000000011,0.15384615384615385,0.15384615384615385,-1,-1,-1,-1
0,0.0,0.0,0.0,-1,-1,-1,-1
0,0.3,0.07692307692307693,0.0,-1,-1,-1,-1
0,0.0,0.0,0.0,-1,-1,-1,-1
1,0.0,0.0,0.0,-1,-1,-1,-1
1,0.33333333333333337,0.07142857142857142,0.07142857142857142,-1,-1,-1,-1
0,0.0,0.0,0.0,0.32207792207792207,0.31168831168831168,128,0
0,0.06250000000000003,0.0625,0.0,-1,-1,-1,-1
1,0.0,0.0,0.0,0.24232081911262798,0.35494880546075086,97,1
0,0.18750000000000003,0.058823529411764705,0.0,-1,-1,-1,-1
0,0.0,0.0,0.0,-1,-1,-1,-1
1,-0.15555555555555559,0.0,0.0625,-1,-1,-1,-1
-1,0.0,0.0,0.0,-1,-1,-1,-1
0,-0.35,0.0,0.1,-1,-1,-1,-1
1,0.6,0.05,0.0,-1,-1,-1,-1
1,0.3,0.17647058823529413,0.0,-1,-1,-1,-1
0,-0.15000000000000002,0.0,0.1,-1,-1,-1,-1
1,0.3,0.08695652173913043,0.0,-1,-1,-1,-1
0,0.25,0.041666666666666664,0.0,-1,-1,-1,-1
1,-0.028645833333333343,0.06666666666666667,0.06666666666666667,-1,-1,-1,-1
1,0.3333333333333333,0.1111111111111111,0.0,-1,-1,-1,-1
1,0.0,0.0,0.0,-1,-1,-1,-1
0,0.0,0.0,0.0,-1,-1,-1,-1
1,0.2333333333333333,0.11764705882352941,0.058823529411764705,-1,-1,-1,-1
0,0.26666666666666666,0.10526315789473684,0.0,-1,-1,-1,-1
1,0.125,0.2,0.0,-1,-1,-1,-1
0,0.0,0.0,0.0,-1,-1,-1,-1
-1,-0.1125,0.0,0.10526315789473684,-1,-1,-1,-1
0,0.2,0.11764705882352941,0.0,-1,-1,-1,-1
0,0.0,0.0,0.0,-1,-1,-1,-1
1,0.6,0.125,0.0,-1,-1,-1,-1
0,0.0,0.0,0.0,-1,-1,-1,-1
1,0.7,0.11764705882352941,0.0,-1,-1,-1,-1
1,0.4,0.3333333333333333,0.0,-1,-1,-1,-1
0,0.02083333333333333,0.045454545454545456,0.045454545454545456,-1,-1,-1,-1
1,0.25,0.14285714285714285,0.0,-1,-1,-1,-1
0,0.0,0.0,0.0,-1,-1,-1,-1
1,0.18,0.18181818181818182,0.0,-1,-1,-1,-1
0,0.0,0.0,0.0,-1,-1,-1,-1
1,0.7333333333333334,0.16666666666666666,0.0,-1,-1,-1,-1
1,0.48333333333333334,0.23076923076923078,0.0,-1,-1,-1,-1
0,0.175,0.05263157894736842,0.0,-1,-1,-1,-1
-1,-0.1875,0.0,0.05555555555555555,-1,-1,-1,-1
1,1.0,0.25,0.0,-1,-1,-1,-1
1,0.25,0.07407407407407407,0.0,-1,-1,-1,-1
1,0.2,0.05,0.0,-1,-1,-1,-1
1,0.8,0.08333333333333333,0.0,-1,-1,-1,-1
-1,-0.15,0.0,0.047619047619047616,-1,-1,-1,-1
0,0.0,0.0,0.0,-1,-1,-1,-1
1,0.13,0.07142857142857142,0.0,-1,-1,-1,-1
0,0.0,0.0,0.0,-1,-1,-1,-1
0,0.0,0.0,0.0,-1,-1,-1,-1
0,0.0,0.0,0.0,-1,-1,-1,-1
1,0.45,0.05263157894736842,0.0,-1,-1,-1,-1
-1,0.0,0.0,0.0,-1,-1,-1,-1
1,0.0,0.0,0.0,-1,-1,-1,-1
-1,-0.2916666666666667,0.0,0.0625,-1,-1,-1,-1
0,0.0,0.0,0.0,-1,-1,-1,-1
1,0.30000000000000004,0.05263157894736842,0.0,-1,-1,-1,-1
1,0.2,0.06666666666666667,0.0,-1,-1,-1,-1
1,0.45000000000000007,0.1,0.0,0.32378223495702008,0.31232091690544411,116,0
-1,-0.5,0.0,0.05555555555555555,-1,-1,-1,-1
1,0.35333333333333333,0.17647058823529413,0.0,-1,-1,-1,-1
1,0.85,0.06666666666666667,0.0,-1,-1,-1,-1
-1,-0.03333333333333335,0.034482758620689655,0.034482758620689655,-1,-1,-1,-1
-1,-0.4,0.0,0.07692307692307693,-1,-1,-1,-1
1,0.625,0.16666666666666666,0.0,-1,-1,-1,-1
1,0.6,0.07142857142857142,0.0,-1,-1,-1,-1
1,0.5,0.15384615384615385,0.0,-1,-1,-1,-1
1,0.2875,0.09090909090909091,0.09090909090909091,-1,-1,-1,-1
-1,0.3,0.1111111111111111,0.0,-1,-1,-1,-1
0,0.16545454545454544,0.2,0.0,-1,-1,-1,-1
0,0.0,0.0,0.0,-1,-1,-1,-1
0,0.15,0.058823529411764705,0.058823529411764705,0.2861271676300578,0.32369942196531792,115,2
0,0.0,0.0,0.0,-1,-1,-1,-1
-1,0.3125,0.07142857142857142,0.07142857142857142,-1,-1,-1,-1
0,0.0,0.0,0.0,-1,-1,-1,-1
-1,0.39285714285714285,0.18181818181818182,0.0,-1,-1,-1,-1
1,0.1875,0.14285714285714285,0.0,-1,-1,-1,-1
0,0.1,0.1111111111111111,0.0,-1,-1,-1,-1
0,0.0,0.0,0.0,-1,-1,-1,-1
1,0.5,0.07142857142857142,0.0,-1,-1,-1,-1
1,0.3,0.2,0.0,0.32493702770780858,0.32997481108312343,132,0
1,0.4,0.0625,0.0,-1,-1,-1,-1
1,0.3,0.1,0.0,0.3135593220338983,0.34322033898305082,78,0
1,0.4090909090909091,0.14285714285714285,0.0,-1,-1,-1,-1
1,0.13636363636363635,0.08333333333333333,0.0,0.32802547770700635,0.3503184713375796,104,0
1,0.2,0.0625,0.0,-1,-1,-1,-1
1,0.3454545454545455,0.16666666666666666,0.0,-1,-1,-1,-1
1,0.45,0.08333333333333333,0.0,-1,-1,-1,-1
1,0.4666666666666667,0.125,0.0,-1,-1,-1,-1
1,1.0,0.1,0.0,-1,-1,-1,-1
1,1.0,0.1,0.0,-1,-1,-1,-1
0,0.0,0.0,0.0,-1,-1,-1,-1
1,0.0,0.0,0.0,0.26303317535545023,0.34834123222748814,140,0
0,0.0,0.0,0.0,-1,-1,-1,-1
-1,0.31666666666666665,0.14285714285714285,0.0,-1,-1,-1,-1
0,-0.125,0.05555555555555555,0.05555555555555555,-1,-1,-1,-1
-1,0.0,0.0,0.0,-1,-1,-1,-1
1,0.7,0.1111111111111111,0.0,-1,-1,-1,-1
0,-0.25,0.0,0.058823529411764705,-1,-1,-1,-1
0,0.0,0.0,0.0,0.40095465393794749,0.3532219570405728,139,0
1,0.35,0.06666666666666667,0.0,-1,-1,-1,-1
1,0.325,0.07142857142857142,0.0,-1,-1,-1,-1
-1,0.2,0.05263157894736842,0.0,0.33243243243243242,0.33243243243243242,246,0
1,0.20833333333333334,0.047619047619047616,0.0,-1,-1,-1,-1
1,0.3,0.05555555555555555,0.0,-1,-1,-1,-1
0,0.0,0.0,0.0,-1,-1,-1,-1
0,0.0,0.0,0.0,0.33542976939203356,0.32914046121593293,159,0
0,0.25,0.125,0.0,-1,-1,-1,-1
1,0.4,0.0625,0.0,-1,-1,-1,-1
0,0.0,0.0,0.0,-1,-1,-1,-1
1,0.0,0.0,0.0,0.32016632016632018,0.33471933471933474,160,0
1,0.65,0.13333333333333333,0.0,-1,-1,-1,-1
0,0.0,0.0,0.0,-1,-1,-1,-1
1,0.6,0.25,0.0,-1,-1,-1,-1
-1,-0.75,0.0,0.3333333333333333,-1,-1,-1,-1
1,0.8,0.14285714285714285,0.0,-1,-1,-1,-1
0,0.5,0.2,0.0,-1,-1,-1,-1
0,-0.20277777777777778,0.0,0.09523809523809523,-1,-1,-1,-1
0,0.04545454545454545,0.047619047619047616,0.0,-1,-1,-1,-1
1,0.35,0.14285714285714285,0.0,-1,-1,-1,-1
1,0.0,0.0,0.0,-1,-1,-1,-1
1,0.5,0.09090909090909091,0.0,-1,-1,-1,-1
0,0.0,0.0,0.0,-1,-1,-1,-1
1,0.19999999999999998,0.07692307692307693,0.0,-1,-1,-1,-1
0,0.0,0.0,0.0,-1,-1,-1,-1
0,0.0,0.0,0.0,-1,-1,-1,-1
-1,0.0,0.0,0.0,-1,-1,-1,-1
-1,-0.5,0.0,0.047619047619047616,-1,-1,-1,-1
-1,0.125,0.07142857142857142,0.0,-1,-1,-1,-1
1,0.0,0.0,0.0,-1,-1,-1,-1
0,0.0,0.0,0.0,-1,-1,-1,-1
1,0.0,0.0,0.0,-1,-1,-1,-1
0,0.0,0.0,0.0,-1,-1,-1,-1
0,0.13636363636363635,0.047619047619047616,0.0,-1,-1,-1,-1
-1,-0.22499999999999998,0.04,0.08,-1,-1,-1,-1
1,0.525,0.3333333333333333,0.0,-1,-1,-1,-1
0,0.0,0.0,0.0,-1,-1,-1,-1
0,0.0,0.0,0.0,-1,-1,-1,-1
-1,-0.025,0.0,0.04,-1,-1,-1,-1
0,0.0,0.0,0.0,-1,-1,-1,-1
0,0.0,0.0,0.0,-1,-1,-1,-1
1,0.35,0.09090909090909091,0.0,-1,-1,-1,-1
1,0.5,0.07692307692307693,0.0,-1,-1,-1,-1
0,0.0,0.0,0.0,-1,-1,-1,-1
0,0.13636363636363635,0.1,0.0,0.3350253807106599,0.33333333333333331,197,0
1,1.0,0.1,0.0,-1,-1,-1,-1
-1,-0.48828125,0.0,0.1111111111111111,-1,-1,-1,-1
1,0.0,0.0,0.0,-1,-1,-1,-1
0,0.125,0.25,0.0,-1,-1,-1,-1
1,0.6000000000000001,0.06666666666666667,0.0,-1,-1,-1,-1
1,0.5,0.05263157894736842,0.0,-1,-1,-1,-1
1,-0.6999999999999998,0.0,0.06666666666666667,-1,-1,-1,-1
1,0.55,0.1,0.0,-1,-1,-1,-1
1,0.5,0.11764705882352941,0.0,-1,-1,-1,-1
1,0.2875,0.11764705882352941,0.0,-1,-1,-1,-1
1,1.0,0.047619047619047616,0.0,-1,-1,-1,-1
1,0.4,0.1,0.0,-1,-1,-1,-1
1,-0.09375,0.0,0.05263157894736842,-1,-1,-1,-1
0,0.0,0.0,0.0,-1,-1,-1,-1
0,0.0,0.0,0.0,-1,-1,-1,-1
1,0.5,0.14285714285714285,0.0,-1,-1,-1,-1
-1,0.14444444444444446,0.038461538461538464,0.0,-1,-1,-1,-1
0,0.06818181818181818,0.06666666666666667,0.0,-1,-1,-1,-1
0,0.0,0.0,0.0,-1,-1,-1,-1
1,1.0,0.16666666666666666,0.0,-1,-1,-1,-1
0,0.0,0.0,0.0,-1,-1,-1,-1
-1,-0.8,0.0,0.25,-1,-1,-1,-1
1,0.19999999999999998,0.0625,0.0625,0.29432624113475175,0.35815602836879434,94,0
1,0.6640625,0.25,0.0,-1,-1,-1,-1
-1,-0.056249999999999994,0.07692307692307693,0.07692307692307693,-1,-1,-1,-1
0,0.0,0.0,0.0,-1,-1,-1,-1
1,0.0,0.0,0.0,-1,-1,-1,-1
-1,-0.45,0.0,0.09523809523809523,-1,-1,-1,-1
-1,-0.5625,0.0,0.09523809523809523,-1,-1,-1,-1
1,0.0,0.0,0.0,-1,-1,-1,-1
0,0.05,0.058823529411764705,0.0,-1,-1,-1,-1
1,0.35000000000000003,0.1,0.0,-1,-1,-1,-1
1,0.16666666666666666,0.05263157894736842,0.0,-1,-1,-1,-1
0,0.0,0.0,0.0,-1,-1,-1,-1
-1,-0.5,0.0,0.2,-1,-1,-1,-1
0,0.0,0.0,0.0,-1,-1,-1,-1
0,0.0,0.0,0.0,-1,-1,-1,-1
0,0.5,0.25,0.0,-1,-1,-1,-1
1,0.575,0.6666666666666666,0.0,-1,-1,-1,-1
1,-0.10000000000000002,0.043478260869565216,0.08695652173913043,-1,-1,-1,-1
0,0.25,0.09090909090909091,0.0,-1,-1,-1,-1
0,0.15000000000000002,0.06666666666666667,0.06666666666666667,-1,-1,-1,-1
1,0.7,0.0625,0.0,-1,-1,-1,-1
0,0.2222222222222222,0.09523809523809523,0.0,-1,-1,-1,-1
1,0.6,0.08333333333333333,0.0,-1,-1,-1,-1
1,0.8,0.1,0.0,-1,-1,-1,-1
1,0.6,0.06666666666666667,0.0,-1,-1,-1,-1
0,0.0,0.0,0.0,-1,-1,-1,-1
-1,-0.1875,0.0,0.058823529411764705,-1,-1,-1,-1
-1,-0.125,0.0,0.2,-1,-1,-1,-1
1,0.296875,0.15384615384615385,0.0,-1,-1,-1,-1
0,-0.1,0.0,0.07692307692307693,-1,-1,-1,-1
1,1.0,0.08333333333333333,0.0,-1,-1,-1,-1
1,0.0,0.0,0.0,-1,-1,-1,-1
0,0.0,0.0,0.0,-1,-1,-1,-1
-1,0.2,0.05,0.05,-1,-1,-1,-1
1,0.625,0.2857142857142857,0.0,0.28375286041189929,0.33867276887871856,145,0
1,1.0,0.058823529411764705,0.0,-1,-1,-1,-1
1,0.3,0.13333333333333333,0.0,-1,-1,-1,-1
1,0.8,0.07142857142857142,0.0,-1,-1,-1,-1
0,0.0,0.0,0.0,-1,-1,-1,-1
0,0.05,0.05555555555555555,0.0,-1,-1,-1,-1
-1,-0.07777777777777777,0.09090909090909091,0.13636363636363635,-1,-1,-1,-1
1,0.375,0.07142857142857142,0.07142857142857142,-1,-1,-1,-1
0,0.0,0.0,0.0,-1,-1,-1,-1
1,1.0,0.13333333333333333,0.0,-1,-1,-1,-1
1,1.0,0.058823529411764705,0.0,-1,-1,-1,-1
0,0.0,0.0,0.0,-1,-1,-1,-1
1,1.0,0.0625,0.0,-1,-1,-1,-1
0,0.0,0.0,0.0,-1,-1,-1,-1
0,-0.07777777777777779,0.0,0.05263157894736842,-1,-1,-1,-1
1,0.5,0.08333333333333333,0.0,-1,-1,-1,-1
-1,-0.5859375,0.0,0.05263157894736842,-1,-1,-1,-1
0,0.0,0.0,0.0,-1,-1,-1,-1
0,0.0,0.0,0.0,-1,-1,-1,-1
0,0.0,0.0,0.0,-1,-1,-1,-1
1,0.85,0.07692307692307693,0.0,-1,-1,-1,-1
0,0.2333333333333333,0.05263157894736842,0.05263157894736842,-1,-1,-1,-1
0,0.0,0.0,0.0,-1,-1,-1,-1
1,0.35,0.11764705882352941,0.0,-1,-1,-1,-1
0,0.0,0.0,0.0,-1,-1,-1,-1
1,0.14285714285714285,0.05,0.0,-1,-1,-1,-1
0,0.0,0.0,0.0,-1,-1,-1,-1
0,0.0,0.0,0.0,-1,-1,-1,-1
1,0.6,0.3333333333333333,0.0,-1,-1,-1,-1
1,0.4,0.058823529411764705,0.0,-1,-1,-1,-1
1,0.6,0.5,0.0,-1,-1,-1,-1
0,0.0,0.0,0.0,-1,-1,-1,-1
0,0.13636363636363635,0.058823529411764705,0.0,-1,-1,-1,-1
0,-0.4,0.0,0.07142857142857142,-1,-1,-1,-1
0,-0.25,0.0,0.1,-1,-1,-1,-1
0,0.15,0.047619047619047616,0.047619047619047616,-1,-1,-1,-1
1,0.9,0.08333333333333333,0.0,-1,-1,-1,-1
1,0.75,0.06666666666666667,0.0,-1,-1,-1,-1
0,0.0,0.0,0.0,-1,-1,-1,-1
0,0.0,0.0,0.0,-1,-1,-1,-1
0,0.0,0.0,0.0,-1,-1,-1,-1
1,0.25,0.07142857142857142,0.0,-1,-1,-1,-1
0,0.0,0.0,0.0,0.32066869300911854,0.34042553191489361,219,0
0,-0.3,0.0,0.1111111111111111,-1,-1,-1,-1
0,0.0,0.0,0.0,0.23786407766990292,0.27669902912621358,68,0
1,0.55,0.2222222222222222,0.0,-1,-1,-1,-1
0,0.0,0.0,0.0,-1,-1,-1,-1
0,0.0,0.0,0.0,-1,-1,-1,-1
0,0.0,0.0,0.0,-1,-1,-1,-1
1,0.55,0.125,0.0,-1,-1,-1,-1
1,0.5,0.1,0.0,-1,-1,-1,-1
0,0.0,0.0,0.0,-1,-1,-1,-1
0,0.0,0.0,0.0,-1,-1,-1,-1
1,0.14285714285714285,0.125,0.0,-1,-1,-1,-1
0,0.0,0.0,0.0,0.31788079470198677,0.31456953642384106,100,0
0,0.0,0.0,0.0,-1,-1,-1,-1
0,0.0,0.0,0.0,-1,-1,-1,-1
1,0.85,0.07692307692307693,0.0,-1,-1,-1,-1
1,0.4,0.13333333333333333,0.0,-1,-1,-1,-1
1,0.125,0.058823529411764705,0.0,-1,-1,-1,-1
0,0.0,0.0,0.0,-1,-1,-1,-1
0,0.0,0.0,0.0,-1,-1,-1,-1
0,-0.25,0.0,0.125,-1,-1,-1,-1
1,0.5,0.06666666666666667,0.0,-1,-1,-1,-1
1,0.675,0.11764705882352941,0.0,-1,-1,-1,-1
1,0.5,0.09090909090909091,0.0,-1,-1,-1,-1
1,0.016666666666666677,0.043478260869565216,0.043478260869565216,-1,-1,-1,-1
-1,0.0,0.0,0.0,-1,-1,-1,-1
0,0.5,0.1,0.0,-1,-1,-1,-1
0,0.0,0.0,0.0,-1,-1,-1,-1
1,1.0,0.08333333333333333,0.0,-1,-1,-1,-1
1,0.8,0.5,0.0,-1,-1,-1,-1
1,0.4,0.14285714285714285,0.0,-1,-1,-1,-1
1,0.35,0.09090909090909091,0.0,-1,-1,-1,-1
1,0.3,0.05263157894736842,0.0,-1,-1,-1,-1
1,0.83828125,0.15384615384615385,0.0,-1,-1,-1,-1
0,0.0,0.0,0.0,-1,-1,-1,-1
1,0.42500000000000004,0.13333333333333333,0.0,-1,-1,-1,-1
0,0.0,0.0,0.0,-1,-1,-1,-1
1,0.35,0.0625,0.0,-1,-1,-1,-1
0,0.0,0.0,0.0,-1,-1,-1,-1
0,0.03333333333333333,0.06666666666666667,0.0,-1,-1,-1,-1
0,0.0,0.0,0.0,-1,-1,-1,-1
1,0.5333333333333333,0.17647058823529413,0.0,-1,-1,-1,-1
0,0.0,0.0,0.0,-1,-1,-1,-1
1,0.4454545454545455,0.21428571428571427,0.0,-1,-1,-1,-1
0,0.0,0.0,0.0,-1,-1,-1,-1
1,0.13636363636363635,0.2,0.0,0.37984496124031009,0.20155038759689922,43,0
-1,-0.5000000000000001,0.0,0.09090909090909091,-1,-1,-1,-1
0,0.0,0.0,0.0,-1,-1,-1,-1
1,0.4,0.125,0.0,-1,-1,-1,-1
0,0.0,0.0,0.0,-1,-1,-1,-1
1,0.3125,0.1111111111111111,0.0,-1,-1,-1,-1
0,0.0,0.0,0.0,0.35395189003436428,0.33676975945017185,97,0
0,-0.175,0.0,0.15384615384615385,-1,-1,-1,-1
0,-0.5,0.0,0.07142857142857142,-1,-1,-1,-1
0,0.0,0.0,0.0,-1,-1,-1,-1
0,0.0,0.0,0.0,-1,-1,-1,-1
0,0.0,0.0,0.0,-1,-1,-1,-1
1,0.12142857142857141,0.13636363636363635,0.045454545454545456,-1,-1,-1,-1
-1,-0.25,0.0,0.25,-1,-1,-1,-1
1,0.4777777777777778,0.1,0.0,-1,-1,-1,-1
0,0.0625,0.0625,0.0,-1,-1,-1,-1
1,0.3666666666666667,0.1,0.05,-1,-1,-1,-1
-1,0.0,0.0,0.0,-1,-1,-1,-1
0,0.0,0.0,0.0,-1,-1,-1,-1
0,0.0,0.0,0.0,-1,-1,-1,-1
1,0.375,0.0625,0.0,-1,-1,-1,-1
1,0.7,0.04,0.0,-1,-1,-1,-1
1,1.0,0.0625,0.0,-1,-1,-1,-1
1,0.5,0.1111111111111111,0.0,-1,-1,-1,-1
1,0.6666666666666666,0.1,0.0,-1,-1,-1,-1
0,-0.16666666666666666,0.038461538461538464,0.07692307692307693,-1,-1,-1,-1
0,0.0,0.0,0.0,-1,-1,-1,-1
1,0.4000000000000001,0.10526315789473684,0.05263157894736842,-1,-1,-1,-1
0,0.0,0.0,0.0,-1,-1,-1,-1
0,0.0,0.0,0.0,-1,-1,-1,-1
0,0.0,0.0,0.0,-1,-1,-1,-1
1,0.0,0.0,0.0,-1,-1,-1,-1
0,0.0,0.0,0.0,-1,-1,-1,-1
0,0.0,0.0,0.0,-1,-1,-1,-1
1,0.13636363636363635,0.038461538461538464,0.0,-1,-1,-1,-1
0,0.0,0.0,0.0,-1,-1,-1,-1
1,0.55,0.1,0.0,-1,-1,-1,-1
0,0.0,0.0,0.0,-1,-1,-1,-1
1,0.25,0.05555555555555555,0.0,-1,-1,-1,-1
0,-0.16666666666666666,0.0,0.06666666666666667,-1,-1,-1,-1
1,0.503125,0.21428571428571427,0.07142857142857142,-1,-1,-1,-1
0,0.0,0.0,0.0,-1,-1,-1,-1
-1,-0.425,0.0,0.10526315789473684,-1,-1,-1,-1
0,0.0,0.0,0.0,-1,-1,-1,-1
1,0.43333333333333335,0.1875,0.0,-1,-1,-1,-1
1,0.1,0.1,0.0,-1,-1,-1,-1
1,0.6,0.16666666666666666,0.0,-1,-1,-1,-1
1,0.6,0.07142857142857142,0.0,-1,-1,-1,-1
0,0.0,0.0,0.0,-1,-1,-1,-1
0,0.02777777777777779,0.043478260869565216,0.08695652173913043,-1,-1,-1,-1
0,0.0,0.0,0.0,-1,-1,-1,-1
-1,-0.4,0.0,0.045454545454545456,-1,-1,-1,-1
-1,0.0,0.0,0.0,-1,-1,-1,-1
1,0.85,0.1,0.0,-1,-1,-1,-1
0,0.0,0.0,0.0,-1,-1,-1,-1
0,-0.07692307692307693,0.0,0.047619047619047616,-1,-1,-1,-1
0,0.0,0.0,0.0,-1,-1,-1,-1
0,-0.041666666666666664,0.0,0.05,-1,-1,-1,-1
1,0.4285714285714286,0.15384615384615385,0.0,-1,-1,-1,-1
0,0.0,0.0,0.0,-1,-1,-1,-1
1,0.8,0.07692307692307693,0.0,-1,-1,-1,-1
1,0.11071428571428574,0.1111111111111111,0.1111111111111111,-1,-1,-1,-1
0,0.0,0.0,0.0,-1,-1,-1,-1
1,0.5,0.1,0.0,-1,-1,-1,-1
1,0.75,0.07142857142857142,0.0,0.28636363636363638,0.34090909090909088,73,2
-1,-0.6,0.0,0.07142857142857142,-1,-1,-1,-1
1,0.25,0.09090909090909091,0.0,-1,-1,-1,-1
0,0.0,0.0,0.0,-1,-1,-1,-1
1,0.35,0.2,0.0,-1,-1,-1,-1
0,0.0,0.0,0.0,-1,-1,-1,-1
0,0.0,0.0,0.0,-1,-1,-1,-1
0,0.0,0.0,0.0,-1,-1,-1,-1
1,0.5,0.06666666666666667,0.0,-1,-1,-1,-1
0,0.0,0.0,0.0,-1,-1,-1,-1
1,0.3875,0.21052631578947367,0.0,-1,-1,-1,-1
0,0.0,0.0,0.0,-1,-1,-1,-1
1,0.15,0.09090909090909091,0.09090909090909091,-1,-1,-1,-1
1,1.0,0.08333333333333333,0.0,-1,-1,-1,-1
1,1.0,0.07692307692307693,0.0,-1,-1,-1,-1
1,0.45,0.08333333333333333,0.08333333333333333,-1,-1,-1,-1
1,0.65,0.25,0.0,-1,-1,-1,-1
0,0.0,0.0,0.0,-1,-1,-1,-1
1,0.2,0.09090909090909091,0.09090909090909091,-1,-1,-1,-1
1,0.0,0.0,0.0,-1,-1,-1,-1
0,0.0,0.0,0.0,-1,-1,-1,-1
1,0.45,0.08333333333333333,0.08333333333333333,-1,-1,-1,-1
0,0.0,0.0,0.0,-1,-1,-1,-1
0,0.0,0.0,0.0,-1,-1,-1,-1
1,0.325,0.07692307692307693,0.0,-1,-1,-1,-1
-1,-0.09999999999999998,0.0,0.125,-1,-1,-1,-1
1,0.22878787878787876,0.15789473684210525,0.0,-1,-1,-1,-1
1,0.6125,0.13333333333333333,0.0,-1,-1,-1,-1
-1,0.0,0.0,0.0,-1,-1,-1,-1
1,0.14962121212121213,0.09090909090909091,0.045454545454545456,-1,-1,-1,-1
0,0.0,0.0,0.0,-1,-1,-1,-1
1,0.575,0.125,0.0,-1,-1,-1,-1
0,0.0,0.0,0.0,-1,-1,-1,-1
1,0.6166666666666667,0.2,0.0,-1,-1,-1,-1
1,1.1102230246251565e-16,0.058823529411764705,0.058823529411764705,-1,-1,-1,-1
-1,-0.4,0.0,0.3333333333333333,-1,-1,-1,-1
1,0.4,0.09523809523809523,0.0,-1,-1,-1,-1
1,0.5,0.25,0.0,-1,-1,-1,-1
-1,-0.2,0.0,0.09090909090909091,-1,-1,-1,-1
1,0.7,0.06666666666666667,0.0,-1,-1,-1,-1
0,0.0,0.0,0.0,-1,-1,-1,-1
-1,-0.4,0.0,0.1111111111111111,-1,-1,-1,-1
1,0.675,0.08695652173913043,0.0,-1,-1,-1,-1
1,0.375,0.0625,0.0625,-1,-1,-1,-1
0,0.037500000000000006,0.058823529411764705,0.058823529411764705,-1,-1,-1,-1
0,-0.0625,0.0,0.0625,-1,-1,-1,-1
1,0.3,0.058823529411764705,0.0,-1,-1,-1,-1
1,-0.25,0.0,0.07142857142857142,-1,-1,-1,-1
0,0.0,0.0,0.0,-1,-1,-1,-1
0,0.0,0.0,0.0,-1,-1,-1,-1
1,0.65,0.2222222222222222,0.0,-1,-1,-1,-1
1,0.375,0.1111111111111111,0.0,-1,-1,-1,-1
