tweetsID,Label
644329246782029824,1
644329630812377088,-1
644329694993584128,0
644329987051507712,-1
644330581476556801,1
644330984456851456,1
644331111623999488,0
644331876644163585,1
644332352659947521,0
644332397010415616,1
644332804428316672,0
644332950625103876,0
644333073115578368,0
644333231483977728,1
644333249293066241,0
644333755847573504,-1
644333846138253312,-1
644334581177536513,1
644334601121452032,1
644335015715844096,1
644335409149947904,1
644335524103233536,1
644335885538983936,1
644335927951683585,1
644336533911109633,0
644336913051185152,0
644336976641060864,-1
644337058945744896,-1
644337297287155712,0
644337870422065153,1
644338171132579840,1
644339939103125504,0
644340280146161664,1
644340928166035456,-1
644342258397933568,0
644342444558020608,1
644342917188972544,1
644342996142395392,1
644343130851045376,1
644343394970566656,1
644343576164331520,0
644343933418500097,1
644344672563908608,1
644345313176735744,0
644345372618424320,1
644345703062470656,1
644345753519935488,1
644346319729991680,0
644346996908670976,1
644347365642506240,1
644347442117279744,-1
644347499105271808,0
644347512157962240,-1
644347589354221569,-1
644347629405540352,1
644347677136650240,-1
644347679523246080,1
644347881617408000,1
644347914140143616,1
644348023829602304,-1
644348324531666948,-1
644348843488772096,1
644348990411051008,0
644349003493150720,1
644349233403813888,1
644349614632660992,1
644349821902540800,1
644390570325090304,-1
644390688063406080,0
644390741993590784,-1
644390861107818496,1
644391998531567616,0
644393035518730240,1
644393251097735168,1
644393644972187648,0
644393847804456960,0
644394009486454784,0
644394101517889536,-1
644394584353689600,1
644395093789704192,1
644395250325176320,-1
644395542232088576,0
644395721634942976,-1
644395825968230400,0
644396158136270848,1
644396800925827073,-1
644397708246028288,0
644397750327472128,0
644398727327645696,0
644399352325255168,-1
644399471808217088,1
644399610803421184,1
644400786248568832,0
644401158342230016,1
644401411959091200,1
644401571514548225,-1
644402354071072768,-1
644402382667825152,1
644403338532941824,1
644403646327861248,1
644403796404215809,1
644403950318321664,1
644404310353121280,1
644404359355219968,1
644404562468581376,-1
644404624296910848,1
644405139348983808,0
644405584528306176,1
644405756863770624,1
644406031322378241,1
644406961774039040,-1
644407816799711233,-1
644407871166267393,-1
644408959701397504,-1
644409603115978752,-1
644409654232006656,-1
644409728529903616,0
644410357843279872,-1
644411100180537344,1
644411334470201344,1
644412033035730944,1
644412877370093569,-1
644413000577761281,-1
644413959911641088,1
644414293950136320,-1
644414721693585408,-1
644414746096078848,0
644414842271477760,-1
644414991974600705,-1
644415029383553025,-1
644415314965463040,1
644415541147361280,1
644415741018697728,1
644415987836547072,1
644416877498920962,0
644417085708353536,0
644417355255255040,1
644417740887855104,1
644417891975172096,1
644418356754321408,1
644418405047496705,0
644418452162121728,-1
644418474324832256,1
644418749735440388,0
644419127075966976,0
644421714097623040,1
644422051143401472,-1
644422334238035969,1
644422605747961856,1
644423325851127808,1
644423382730051584,0
644423491433955328,0
644423545498415104,-1
644424086509064193,-1
644424372657098752,1
644424538856427521,0
644424625695264768,0
644424727511957504,-1
644425186314289152,1
644425375381090305,1
644425875350519808,1
644425984259825664,1
644426611220156416,1
644426674306576385,-1
644427818705653761,1
644428655679008768,-1
644429258698326016,1
644429330475560960,1
644429362784169984,-1
644429393520107520,1
644430775241310209,-1
644430879406714880,1
644431279979565056,1
644432367373938688,1
644432674988425216,1
644433564570918912,1
644433972458491904,1
644435144493785088,0
644435344260206592,1
644436051130347521,-1
644436133636517888,-1
644436915077320704,0
644437575810314240,0
644437758438567936,-1
644437905545388032,-1
644438022788771841,0
644438541892632576,-1
644438731915665409,-1
644438878766501888,0
644438906184826880,1
644439013399523328,0
644439218656280577,0
644439451125477378,1
644439629685489664,1
644440011983704064,1
644440263495028736,0
644440431997120516,0
644440908730093568,-1
644441242252632064,1
644441315791368192,1
644441498063388672,1
644441523296301056,1
644441752007348224,0
644442150000791552,-1
644442743452794880,1
644443175260581888,0
644443467939217408,1
644443669475553280,1
644443745031729152,1
644443878892961792,1
644444349493833728,1
644444635155173376,-1
644444705544011776,1
644444725534195712,1
644445008758722560,1
644445149519482880,1
644445173166936064,-1
644445772415561728,-1
644445933720236033,1
644445968432107520,1
644445968709099525,1
644446063789666304,-1
644447429522161669,0
644447451139731456,0
644447662096289792,1
644447760859590656,-1
644447994331332608,-1
644448201148399616,0
644448222161829889,1
644448590551740416,1
644448944957710337,-1
644449270209245184,-1
644449579857895424,0
644450337546485760,1
644450390772187136,1
644450562688307200,1
644450725540556800,0
644451589126795265,1
644451610622586880,1
644451888394452993,-1
644451981818380289,0
644452084239179776,1
644452137238458368,1
644452167911350272,0
644452635706294272,1
644453527746686976,-1
644453677588066304,1
644454124596031488,1
644454526595035136,1
644454553816010752,1
644454816329043971,1
644454862533427200,1
644454993387388928,1
644456157965234176,0
644456310465912832,1
644456838805745664,0
644457009102766080,1
644457219816222720,0
644457414410919936,-1
644457645617885184,-1
644458276738850816,0
644458280899739648,1
644458516518797312,-1
644458567974543360,1
644459940309004288,1
644459974295449600,1
644459998555324416,0
644460701638070273,0
644460770814615552,1
644461444642111488,-1
644461453244633088,0
644461606500306944,1
644461651987722240,0
644462884022386688,1
644463222041346049,1
644463243646382080,1
644463314710368257,1
644463550673477632,1
644463578104246272,1
644463886129692672,1
644463936360841216,-1
644464139730030592,1
644464197154111488,1
644465098489106434,0
644465217489907713,0
644465822715412480,0
644465940357234689,0
644466206645219328,1
644466211984543745,1
644466236898734082,-1
644466338304425985,0
644466529979904000,1
644467237823246336,-1
644467394165891072,-1
644467683497390080,0
644468130081730560,0
644468133235785730,0
644468468390084608,1
644468619863199744,1
644468634216067074,0
644468774431797248,0
644468954631573504,-1
644469015545544704,1
644469629834801152,1
644469690601893888,0
644469844545568769,1
644469911075467264,1
644470505186172928,0
644470876335927296,1
644471325063544832,1
644471754778275840,-1
644471914866561024,1
644472033510711296,1
644472364013477888,0
644472408825446400,1
644472741488422912,1
644473238576345089,1
644473254514552832,0
644473376552062976,0
644473756455444480,1
644475417869611008,-1
644475657100095489,1
644475976508940288,1
644476117949227008,1
644477342803472384,1
644477696920129542,0
644478513811091456,-1
644478937263947776,1
644479765232025600,1
644480851338641408,0
644480893453733888,-1
644480925602988033,0
644481195812724736,1
644482244522995712,0
644482516859142144,0
644483380361478144,-1
644484421404393472,0
644484579668070400,1
644485037799313408,0
644485906548793344,1
644486329808650240,0
644486916071653376,-1
644487185337417728,0
644487566691962880,1
644487602410688513,1
644487915293151232,1
644488473219469312,0
644488849041682432,1
644489036338335744,0
644489299207938048,1
644490365492301825,0
644490699144953856,1
644491215367372801,0
644491766817619968,1
644491961798299649,0
644492265457455104,0
644493087440535553,1
644493475761811456,1
644493790732914688,-1
644494091263328256,1
644494533514805248,1
644494814508093441,0
644494843209584640,1
644494895646965760,1
644495151423860736,1
644495422275215364,1
644495839805632512,1
644495927894536192,1
644496022501126145,0
644496288461946880,1
644496393084604418,-1
644496613247840256,0
644497504541634560,1
644498021988732931,0
644498231175593984,0
644498417675169793,-1
644498690191704064,-1
644498956731314176,-1
644499151045066752,1
644499547893440512,0
644500913248309250,0
644501089627168768,0
644501217880616960,1
644501224943845378,0
644501676766965760,0
644501786460471296,-1
644501923563892736,-1
644502173737349122,0
644502521684168705,0
644503325421887489,-1
644503328097898496,0
644503572411846660,0
644503572604784640,0
644503848090906624,0
644504038709420033,0
644504215381938176,1
644505111004184576,-1
644507091877531648,0
644508010178576385,0
644508097633845248,-1
644508176574844928,1
644509156318146560,0
644509345678389249,-1
644509609252642816,1
644510147868553216,1
644511125963321344,0
644513065573023755,1
644513516997578753,1
644516911460384768,1
644517830898122752,-1
644518673953128450,0
644520318820831232,0
644521693587894272,0
644525120216768513,1
644525839774842880,-1
644526222953746432,0
644532466644946948,1
644533771417448448,0
644534729853767680,1
644536778934759425,1
644541323253407744,0
644541868512964608,-1
644548523824844800,1
644548616804151296,1
644548871046086656,0
644555925408362496,0
644556420004773888,0
644563973308682240,0
644566753280925696,-1
644571521470435328,0
644579070299140097,0
644585610888527872,0
644586620381827072,0
644591873164640256,1
644594169823014912,0
644601721969229824,0
644605787239677952,0
644606795135119360,0
644609270244245504,0
644611797987692544,0
644612857800302592,0
644615144241242112,1
644615574111305728,1
644616819299381249,0
644618252925054976,0
644618775786971136,0
644619024374980608,-1
644619705521541121,1
644619746772680705,1
644620727753117696,-1
644620733176418304,0
644623196923281409,1
644623320718032897,1
644623430202093568,1
644623566844002304,0
644624180021866496,0
644624194546860032,-1
644624360586653696,1
644624369965109248,0
644624670889746432,1
644624796110557184,0
644625175955177472,-1
644625491257782272,0
644625864345260032,0
644626004305010688,0
644627302756675584,1
644628122244026368,-1
644629716675133440,-1
644629893880381440,1
644630704526069760,1
644630926719234048,-1
644631918617624576,0
644634688812924928,0
644634868748582912,0
644635426284703744,0
644635487836069888,0
644636207658303488,1
644636243687534592,0
644636579697266693,1
644637391861481472,1
644637636414586884,1
644637881277878272,1
644637927377661952,0
644637978111807488,1
644638338478018560,1
644638596226543616,0
644639468910047234,0
644639909383270400,-1
644640427925110785,1
644641965284331520,1
644642039846440961,0
644642048151322624,1
644642072335527936,0
644642866476658688,0
644643784823738369,1
644643874896523264,0
644643930101780480,0
644643951283208193,1
644644218535743489,1
644644265885368320,-1
644644361548894208,0
644645219686715392,1
644645269900955648,1
644645463610798080,-1
644645917661003776,1
644646446034210816,-1
644646928060276736,1
644647020943175681,0
644647504626106368,0
644647619877167104,0
644647776903544832,0
644647889692573696,1
644648001135210496,0
644648052364455936,0
644648245201895424,0
644648246720262144,0
644648369202307072,1
644649045051469824,1
644649184159641600,0
644649239398641665,0
644649717645705216,0
644650052367990784,0
644652435818962944,0
644652501740843008,1
644652528148291584,0
644652716405329920,0
644653098326081536,0
644653103711715332,1
644653448248586241,0
644653702150688777,0
644654005856043008,1
644654156251308033,1
644654279530156032,1
644654352288755712,0
644654387554455552,0
644654567854989312,0
644654876664950784,1
644654929123012608,0
644655362738622464,0
644656379052077056,0
644658573147041792,1
644658697793175552,0
644659980885340160,1
644660092818731008,1
644660144328994816,1
644660329767530496,1
644660842068246528,0
644661327768588288,-1
644661566219022336,-1
644661912534450176,1
644662118034182144,0
644662146836639746,0
644662452085485568,0
644662538022600704,1
644663382054936576,1
644663526175281152,1
644663823060742144,0
644664216062836736,0
644664812274884608,1
644664812358623232,0
644665058677661696,1
644665074204979200,1
644665257764347904,1
644665283341352960,1
644665666184712192,0
644665836112711680,0
644665971903475712,1
644665974227095552,-1
644666058251575296,1
644666615351656448,0
644666977785544704,1
644667141396914177,0
644667397866061824,1
644667709834199040,1
644667897093074944,1
644668380922949632,1
644668632442638340,0
644668661316366336,1
644668747769245696,1
644668895652024320,0
644669667781423104,0
644669874430713856,0
644671143991902208,1
644671402398748672,-1
644671903001522176,1
644672458482655232,1
644672849932763136,1
644672929700122624,1
644673157412995072,0
644673246965534720,0
644673482609954818,0
644673870012674048,0
644673886525763587,1
644674600392126464,1
644674958459691008,1
644676359445344256,0
644676652673339392,0
644676853387554816,-1
644676863927808000,-1
644677128945041409,1
644677135022575620,-1
644677217390235648,0
644677342720225280,0
644678149658144769,0
644678212077887488,1
644678420014608384,0
644679562752847872,0
644680594668949504,0
644680623139913729,1
644681059658002432,1
644681204143292416,1
644681468837400576,-1
644681583740358656,-1
644682575659827201,0
644683055496568832,1
644683200183164929,0
644683648776540160,0
644684766697013248,0
644685810026041344,-1
644685879559213057,1
644686117606789120,0
644686819230130176,1
644687349704753153,0
644687795265531908,-1
644687818522931200,-1
644688421747838976,1
644688516593487872,1
644689066554843136,1
644689274613460992,1
644689665958653952,1
644690290138329088,0
644690868847407104,0
644690907300786176,1
644690956529217540,0
644691518389907456,1
644692317362745344,0
644693109276807169,1
644693156391424001,1
644693395307413505,1
644693550064631808,-1
644693779916673024,1
644694077565497344,1
644694463785365504,1
644694707033927680,-1
644694774084034560,-1
644694953336045569,0
644695307909906432,1
644695382170181632,1
644695550521176064,-1
644695864896688128,0
644695887931817984,0
644696083755483136,1
644696405190176768,0
644696541320585216,1
644696853435420672,0
644696915360153600,1
644697155425308672,-1
644698012929949696,0
644698783566180357,1
644698925731942400,1
644699330268413952,1
644699869618159620,0
644699952225103872,1
644700245071392768,0
644700837722345472,1
644700918278148096,1
644701675412787200,1
644701929075904513,0
644702522746105856,-1
644703259496611840,1
644703658056253440,0
644704911230418944,0
644705284322013184,-1
644705706466234368,-1
644705836225327104,0
644706092878946304,1
644706194590863360,-1
644706440297345024,0
644707417784127489,0
644710020576333824,1
644710345647329280,1
644711049426550784,1
644711126865870848,-1
644711516768329728,1
644711661950083077,1
644712252067569664,0
644712318459244544,0
644714404743905280,1
644714635418013696,-1
644714966843461632,0
644715504553340928,1
644716431678963712,0
644716931480743936,1
644717003983290368,1
644717183902220289,1
644717406645059584,0
644717508419698688,0
644717876448890880,-1
644718916544008192,1
644719131879731200,0
644719202159321088,0
644719223894216704,0
644719987282702336,0
644720787392462848,1
644720852362207232,0
644721663410438144,1
644721730309636096,1
644722507518504960,1
644722787777556480,1
644723469326782464,1
644723957531328513,1
644724617878339584,0
644725411889287168,0
644728004547993600,0
644728293493768192,0
644728957397528576,1
644729619258703872,1
644729727647768576,0
644729786510770176,0
644730032590618624,1
644730092665442304,-1
644730234973982720,0
644730479573229569,1
644730790950121472,1
644731128658587648,1
644731239560118274,0
644731461875142656,-1
644732358340427776,0
644732378817110016,0
644732421057843200,1
644732483934683136,1
644733126720229377,1
644734016654995456,1
644734083373727745,-1
644734292719857664,0
644734348923527168,1
644735476914520064,1
644735655742861313,1
644735676290719744,0
644737344445136896,1
644737807529996288,1
644737950023053312,1
644739038226702336,1
644739616952573953,1
644739630533869569,1
644739959799181312,1
644741249639968768,1
644742865390800896,1
644743126783930368,0
644743788859002880,0
644744621415763968,0
644744702772666368,0
644744707176820737,1
644744725912813568,1
644744775313326080,0
644745386041720832,0
644745705739841536,0
644745708516605952,0
644745821037051904,1
644745891019001856,-1
644746276421042176,0
644746379550695428,0
644746897119297536,0
644748215191932928,1
644748275526963200,1
644748363653586944,1
644748619350999040,1
644748661902213120,1
644748936792666112,0
644749642891165696,1
644749779633852416,1
644750090372911104,0
644750449254510593,-1
644750584411750400,1
644751299771166720,0
644751739514658816,1
644751997711745024,1
644752054045442048,-1
644752444375740417,1
644752513900638208,1
644752713952038912,0
644752895276003328,-1
644753154744168448,1
644753182262960128,0
644753476019355652,-1
644753557481062400,0
644753926462443520,0
644754364809256960,0
644756093583753216,0
644756180917714944,-1
644757802984996864,1
644758332868292608,0
644758391219351552,1
644758494764122112,0
644758764587888640,1
644758829624770560,1
644758843642277888,0
644758898545590272,1
644758970175877120,1
644759374401941504,1
644759395457495040,0
644759457398853632,1
644759488730238976,1
644760263753732096,0
644762386717655040,0
644762982270955520,0
644763676843614208,0
644765258347888640,-1
644765656026472449,-1
644765766752030720,1
644766990339543040,1
644767344980545536,1
644767496977838080,0
644767813576429569,0
644767906941636608,0
644768081458409472,1
644768482500980736,0
644769500374663168,0
644769859318870017,-1
644771737976987648,0
644772042672181248,-1
644772125224620032,0
644772271882682368,1
644772487268438017,1
644774659552968704,0
644775319639998464,0
644777067163336704,1
644777360890404864,1
644777966820544514,1
644778411953647616,1
644778446871244800,1
644778931179114496,1
644779007175737344,-1
644779228924243968,-1
644779441701429248,1
644779620181544960,1
644779718781239296,-1
644780149162967040,1
644780463916081152,-1
644781243167436801,0
644781906370953216,1
644782093294112768,-1
644782459486269440,-1
644782727858798592,-1
644782832636792833,1
644782914350157824,0
644783505403191296,1
644783645962571777,1
644783913378824192,0
644785173880549377,-1
644785484758142980,1
644786740461477888,1
644787145241006080,-1
644787218872012800,0
644788204537802752,1
644788217791672320,1
644788231138095104,0
644788471077425152,0
644788573569466368,1
644789273309356032,0
644789641380409344,1
644790611590049792,0
644790828330827776,1
644791051018854400,0
644791268141367296,1
644791687009533952,1
644791725953708032,1
644792159514705920,0
644792507012935680,0
644793405122330624,-1
644793751798444032,1
644794059433897984,1
644795058244464640,0
644795654766620672,1
644796412715139073,-1
644796745726103552,0
644797242520420352,1
644798013030830080,0
644798019175473152,0
644799129563103232,-1
644799150027079680,-1
644799558040616960,1
644799855219445761,1
644801454147022848,0
644801583885197312,-1
644802200984645633,-1
644802512873201664,1
644803674552840193,1
644803713824071680,0
644804338586488832,0
644804353639903232,0
644804377866203138,1
644804766376161281,-1
644805564925526016,0
644806013430984704,1
644807230370484225,1
644807242118729728,-1
644807523871162368,1
644807579806208001,-1
644809020352540672,1
644810456515915776,1
644811684197044224,1
644812778558070784,0
644812837064314880,-1
644812910661754880,0
644814219523817472,1
644814614874554368,0
644816584436023296,0
644817952194318337,1
644818086730665984,1
644818352314155008,1
644819609930059776,1
644821255649144832,0
644823739025068032,1
644824770698018817,-1
644825750718119936,1
644827672384770048,1
644830683928641536,1
644831681489338368,1
644831948880379904,0
644833037042233344,0
644833499913043969,0
644834834729304064,0
644836604205383685,1
644837875104657408,1
644838043304787968,1
644838260900950017,-1
644838514656452608,0
644838705228677120,0
644839077557108736,1
644841828584296448,1
644841916392165376,1
644842127042682880,1
644844846025342976,-1
644845731422076929,1
644846368624873473,0
644846992745697280,1
644847132034240512,0
644847336687013888,1
644848381848879104,0
644848812822036481,0
644848889544200192,0
644849514113859584,1
644850034304004096,0
644850174125338624,1
644850603647221761,1
644851470794399744,0
644851651581358080,-1
644852259314991104,-1
644853382428028928,-1
644853594391339008,0
644854136974913536,0
644855495740801024,1
644855621100003328,0
644855938403422208,0
644856461173096448,1
644856906088075264,-1
644857929087209472,1
644858689111916544,1
644859564513345536,1
644859830050660352,1
644859869435072512,1
644860069725794304,1
644860070111657984,1
644861580182556672,1
644861998325440512,1
644862318367477760,0
644864138431303680,-1
644866708189130753,-1
644868234949337088,0
644870047970799616,-1
644870513379135488,1
644872048548937730,1
644875427555766272,1
644877365353553920,1
644878407529009152,1
644878605730885632,0
644879172876152839,-1
644879239184011265,1
644879753024045056,1
644880382895235072,0
644880830045794305,1
644883544020422657,1
644886088692170752,1
644887935574220800,1
644888503898128384,-1
644894509646544896,-1
644897368844845056,1
644901373344018432,-1
644901416931209216,-1
644909252130287618,1
644910056207585281,0
644916609052725250,1
644916993070465024,1
644932387189719040,0
644953810381615105,1
644955431652192256,0
644958267291119617,1
644962695414947840,0
644967363461447680,0
644975464985956352,-1
644981377155239937,0
644984170347937792,1
644989924454719489,0
644991026394959872,0
644992180025585665,-1
644992433076486144,1
644992666183274496,0
644992677281329153,0
644995244384104448,0
644995885026410496,1
644996159119990784,0
644997479037988864,1
645000648107405312,1
645001635542999041,0
645002757120892928,1
645005464451723264,0
645008620543967232,-1
645012029409992704,1
645014776758734852,0
645014877174542336,0
645014922762457088,-1
645015786910838784,-1
645016831581884416,1
645017759961718784,1
645017800973647872,1
645017965067243520,-1
645017971878924288,1
645019323661221888,-1
645020458732154880,1
645020619206057984,0
645021135227252736,1
645021287514009600,0
645021287769706496,0
645022458697924608,1
645023357113491458,0
645023379657895936,-1
645023654669975552,-1
645024096888098816,1
645024567413510145,0
645024742882209792,0
645026054139154432,1
645026543165566976,0
645026657523228672,0
645027332185395200,0
645027452977213444,1
645029802492071936,0
645030076552228864,1
645030238448144384,1
645031073299189761,1
645031466125160448,0
645031742118723584,-1
645032979367116800,1
645033036216705024,1
645033529911439360,1
645033747822346240,1
645034176702345216,0
645036034837733376,-1
645036268926054400,-1
645036273577521152,1
645036511562493953,0
645037011984736256,-1
645037879798816768,1
645037965689819136,1
645038103552462848,-1
645038190986838016,0
645038575394885633,0
645038669473128448,0
645038717334241280,-1
645039693801910272,1
645040837609549824,1
645041845911728128,1
645042133800472576,1
645042781765926912,1
645042871121240065,-1
645043691615207424,0
645043704739201030,0
645043806098685953,-1
645044386812723204,0
645046247825403904,-1
645046376942845952,0
645047241472897025,0
645048353831657472,-1
645048355828011008,0
645048668383383552,-1
645049293032714240,1
645049680750100480,1
645050190987038720,-1
645050273484795904,1
645050395736182784,-1
645050494205956096,1
645050509099954176,1
645050735424442368,1
645051013909622788,0
645051058834702336,0
645052739760881664,1
645053785937723392,1
645054017320669184,-1
645054319570604032,1
645054419369783296,0
645054471974858752,1
645056404424925189,1
645056408795287552,0
645056882168610816,1
645057308188278784,-1
645057432616497152,0
645059947152166915,0
645060321024077824,0
645061016221523968,0
645063516089487360,1
645063714069184512,1
645160408408436736,0
645160565996916736,1
645160973326790656,0
645162320675532800,1
645162913758642176,-1
645162916883394560,0
645163856424255488,0
645165544858103808,-1
645165604253663232,0
645166106458501121,-1
645166121360957440,0
645166237669027840,0
645166366807433216,1
645166484558381056,0
645166651978199041,0
645166905578270720,1
645167951931273217,0
645168203342020608,-1
645168325085949952,-1
645168864725192704,1
645169577761050624,1
645170210232668160,1
645170368232202244,1
645170459974090752,1
645171052662943744,0
645171062506917888,1
645171412316127232,0
645171648698519552,1
645172690295193600,1
645172807970648064,0
645172894582964224,-1
645173345533628416,-1
645174416385679361,0
645174460371365888,0
645174549772939264,1
645175057845747712,0
645175174451589120,0
645175501066121216,0
645175841933017088,1
645176840525627392,1
645176938798161922,-1
645176991533137920,0
645177353136668672,1
645177834001039360,0
645177841047457792,1
645177848194560000,1
645178719099858944,1
645178759868497920,0
645178824691466240,0
645178910905339904,1
645179023363022848,1
645180510789091328,1
645180913786052608,1
645181517023457280,1
645182395281379328,1
645182531008987136,0
645183053652844544,0
645183212231229440,0
645183737282564096,0
645183859164868608,0
645183936109281280,1
645184083039940609,-1
645184281216720896,0
645184362363797504,-1
645185095389814784,1
645185182543179776,0
645193355102519296,-1
645194410070708224,-1
645196828086939652,-1
645200697860886528,-1
645201274619625472,-1
645201669622362112,-1
645202958519414786,-1
645206957855477760,-1
645208187398832128,-1
645210079034109953,-1
645211517961420801,-1
645212099719864320,-1
645214611419979776,-1
645217524804509696,-1
645218728179732481,-1
645219213464899585,-1
645219554331725825,-1
645220269951324160,-1
645227968407564288,-1
645234492941033472,-1
645243439928377348,-1
645261126889029632,-1
645275847918813185,-1
645293047668862976,-1
645327262062125060,-1
645356634282168320,-1
645374674466009092,-1
645375605224005633,-1
645379793978945536,-1
645380705317294080,-1
645386015612399616,-1
645392788641738752,-1
645398479712288768,-1
645402364355055616,-1
645403771896483840,-1
645403892042219521,-1
645408268794380289,1
645408429972959232,1
645409175703580672,0
645409343312105472,1
645409610195726336,1
645410137881059328,0
645411096975773700,0
645411474488168449,-1
645411594609029120,1
645412223544901632,1
645412514755387392,1
645412590059962368,1
645413267209326593,0
645413885596573696,0
645414815037562880,0
645414833467297792,1
645415078309793792,1
645415896601743360,1
645416020539277312,1
645416318460690433,1
645417225747329024,0
645417339027103744,1
645417414721708032,0
645418061084917760,1
645418405009485830,1
645418948314439680,1
645418948343779328,1
645419086806126592,1
645419130808569856,1
645419235104161792,1
645419612323119104,0
645419858486624256,-1
645420104172339200,1
645420238134210560,-1
645421186025979905,1
645422348745637889,1
645422902590898176,0
645423011915517952,1
645423194652983297,0
645423334121992192,1
645423425733832704,0
645423748804399104,1
645424051096186884,1
645424152753651712,1
645424396115542016,0
645424482509811712,0
645424829265506306,0
645424903974440960,0
645424975416008704,1
645425131951534080,1
645425202487148544,-1
645425302336880641,1
645425379017158656,0
645425558181048321,-1
645426449160212480,1
645428064156020737,1
645428088017395712,1
645428567690489857,0
645428624934465536,0
645428670207684608,-1
645428761865924608,0
645428801195913216,1
645428959484735488,0
645429091609522176,-1
645429743316299776,1
645429969892569088,0
645430156698472448,1
645430637332164608,1
645430639592898560,1
645430962671755265,1
645431102404870145,1
645431481242939392,0
645432105581871104,-1
645432316706340865,0
645432535204405248,0
645433024583213056,1
645433078224187392,0
645433830346780672,1
645434241216565249,1
645434828809179137,1
645434845334798336,0
645434908844888064,1
645435344813473793,0
645435539009613825,0
645435540419026945,0
645435737752649729,1
645435778265387008,1
645435918942384128,0
645436035329978368,0
645436074311970816,0
645436318579847168,1
645436752681934848,1
645437521678221312,0
645437571397480448,0
645437626279923712,-1
645437725957451776,-1
645437796627423233,0
645437798087049216,1
645437855045566464,1
645438460002615296,-1
645438754954584064,1
645439066775941120,1
645439336175964160,-1
645439475737325568,-1
645439509677666304,1
645439832836153344,1
645439863936782336,1
645440265407168512,0
645440348177715200,1
645440412530806784,0
645440701967278080,1
645440724545224704,1
645441570506940416,1
645442058279350272,1
645442090768433152,1
645443071136677888,1
645444227581657092,0
645444455571529729,1
645444666960314369,0
645444833218310144,0
645445281182556161,1
645445313814249472,0
645445358240206848,-1
645445979395760128,0
645446020445401088,1
645446044243881984,0
645446108580331521,1
645447029204762624,1
645447284986114048,1
645447524078211073,1
645447647902437376,1
645447653837393921,0
645447672820838402,0
645447849191337984,1
645447942300504064,1
645447976983379968,1
645448236271071232,1
645448246991654912,1
645448511627116546,1
645448767592923136,1
645448826283773952,1
645448856772198400,1
645449096782745600,-1
645449267818139648,1
645449270061993984,1
645449431031136256,1
645449442582228992,0
645449496923496448,0
645449689056309248,0
645450095601807360,0
645450257862631425,1
645450398954733570,1
645450553258938368,1
645450566844346368,1
645450728056717312,-1
645450818548834304,1
645451199270023173,1
645451868089487360,1
645451890021564416,1
645452615556440064,0
645452798490988544,1
645452926215962624,0
645453287756533760,-1
645453596830494720,0
645453746063994880,0
645454618751823872,1
645454713085784064,0
645454938919858176,-1
645455049389420544,0
645455067273916417,0
645455184227733505,1
645455349085040641,1
645455441124724736,1
645455893266608128,-1
645455974271184896,1
645456144677371904,0
645456228420861956,1
645456284020572160,0
645456428669341697,0
645456428791148544,0
645456464434327552,1
645456728155291648,1
645456879888502784,-1
645457077729554432,0
645457091432480768,0
645457167240306688,0
645457541523243008,1
645457718308917248,1
645457833069166592,0
645458836464209920,0
645458901807312896,1
645459854123909120,0
645460042234359808,0
645460811268419588,1
645461115506298880,-1
645461386546384896,0
645461520801996800,1
645461524719534080,1
645461616889364480,0
645462663477239808,1
645463549922291712,0
645464486376275968,1
645464590541815808,1
645464770972393472,1
645465447396179968,0
645465502081417216,1
645465509652246528,0
645465661615964160,1
645466071865036801,0
645466142224465920,-1
645466237586264064,0
645466374282866688,0
645466822200979456,1
645467040472563712,0
645467128938799104,1
645467450780327936,1
645467470656987136,0
645467537589665793,1
645467858538000385,0
645468602590711808,1
645468711185448960,0
645468891892813824,1
645469082582650880,1
645469633143812096,0
645470731304734720,-1
645470865149177856,1
645470920757239808,1
645471088059809792,1
645471497776156672,1
645471513982840836,-1
645471606702215169,0
645471684342845440,1
645472703554543616,0
645472719874560000,0
645472754154663936,0
645472948808232960,1
645472992546394113,-1
645472995063013376,1
645473145785294848,-1
645473214261432320,0
645473235698589696,1
645473358604275712,1
645473733348491264,1
645473749542637568,-1
645473921374949377,1
645474379963498496,1
645474511396012032,-1
645474523349823488,-1
645475043003121664,1
645475554997743616,1
645475638913200129,1
645475867771080705,1
645476210122747904,-1
645476977420308480,0
645477431340437504,0
645478056220590080,0
645478119554445312,0
645478861845585920,-1
645479361273982976,0
645479421038596096,-1
645479508783534080,1
645479666560602112,0
645479901663924224,0
645480167536766977,1
645480572991594496,1
645480752176627712,1
645480887505678337,1
645481150245289984,1
645481527787163648,1
645481943614771200,1
645482446222422016,1
645482478694625280,1
645482539243597824,1
645483082208931840,1
645483385109016576,1
645483428310204417,0
645483520102649856,1
645483649371140096,0
645484133242679297,-1
645484396078870528,0
645484986263408640,-1
645485091922251776,1
645485168636096513,0
645485210709045248,0
645485238211186688,1
645485238882299904,1
645485286315593728,-1
645485319404457984,1
645485411524059137,1
645486100702584832,0
645486211507683329,0
645486818314485762,0
645486947532709889,1
645487050867740672,0
645487974319177728,1
645488020221788160,1
645488024437026816,0
645488400343109632,1
645488549375012864,-1
645488702651809792,1
645488991001669632,0
645488997121323008,0
645489294526783490,0
645489412319657984,1
645489507618410496,1
645489572571385856,1
645489917775089664,0
645490066391965696,1
645490431111774208,0
645490512527536129,0
645490764181467136,-1
645491098496946176,-1
645491225043177472,-1
645491239555612672,1
645491384292519936,0
645491498469990400,1
645492018702106624,0
645492042034978816,0
645492276181929984,-1
645492525206142976,1
645492720333623296,0
645492956607049728,0
645493244785065984,-1
645493268248154112,0
645493769081651200,0
645494169411170304,1
645494330090758144,1
645494715224190976,0
645495497600307200,0
645495508853784576,1
645495766094475264,-1
645495777901588480,1
645495860688756737,0
645495949838667776,1
645495987176239105,1
645496264533114880,1
645496504057221120,1
645497808263491584,1
645498039143153664,1
645498157430800384,1
645498733535318016,1
645499014125854720,1
645499209047785472,0
645499437863862272,0
645499822284234752,1
645499830769311744,-1
645499965452754944,0
645500452264640512,0
645500578341232641,1
645501845968957440,0
645502234625609728,-1
645502379299766273,1
645502476507082752,1
645502568899080192,-1
645502730790936576,0
645502828178460672,1
645503023389634565,-1
645503054188417024,-1
645503209591676928,1
645503337622831104,0
645504009839755264,1
645504234675380225,1
645504262236172288,0
645504314912276480,-1
645504461692121088,0
645504890945568768,0
645504993265520640,0
645505034294194177,1
645505050555609088,1
645505197318340608,0
645505559391678465,0
645506430070583296,1
645506555966849024,0
645506885827825664,1
645507577695047680,1
645507661472120832,1
645507865076215808,0
645508169796468736,-1
645508603047112704,-1
645508854210527232,1
645509322227740672,0
645509331207782400,1
645509364040732674,1
645509481544175616,0
645509694245748736,-1
645510165324652544,1
645510690866860032,1
645510792587145216,1
645510856927789056,1
645510945972707328,0
645511056148836352,0
645511427248144384,-1
645511724158857216,1
645512025704112128,0
645512082272702464,1
645512151201918977,1
645512625095356416,0
645512682167246848,1
645513286574841856,0
645513320884248576,0
645513369659830272,1
645513394615775233,-1
645513479403761664,0
645513752549425152,0
645514208805847041,0
645514333292728320,1
645514502704906240,0
645514704077500416,0
645514843936698368,1
645515248548511744,0
645515324067082240,1
645515356186894336,0
645515440228143104,0
645515452123185152,1
645515498759823360,1
645515699742310400,1
645516014441074688,0
645516335749971968,0
645516441287045120,0
645516832464588801,0
645516914710614016,0
645517031996018688,1
645517070742999040,1
645517228897468416,0
645517292038701056,0
645517327971258368,0
645518261644341248,1
645518406284775424,0
645518778051203072,0
645518967503646720,0
645519324015403008,1
645519648092459008,0
645519757572206592,0
645519810810544128,0
645520762888175616,1
645521085564362752,1
645521836277657600,0
645522258505670656,0
645522325010419712,1
645522431294111744,0
645522435660353536,0
645522494707867648,0
645522529436762112,1
645522988360581120,1
645523782682157056,1
645524102392991744,0
645524414780600320,0
645524609329156097,0
645525048929972224,1
645525092521385984,1
645525779938476032,1
645525888541458432,1
645525943688241152,-1
645526052714901504,0
645526174681169920,0
645526474171228160,1
645526504554631168,1
645526621852708865,1
645526750693199872,1
645526902489358336,1
645527007531560960,1
645527195381661696,0
645527342966816768,1
645527774342578176,0
645528052944998400,1
645528202379677696,0
645528744191377408,0
645528765431476224,0
645528886240002048,1
645529237659721728,0
645529505872789504,1
645529619806949376,0
645529712421285888,1
645529756096724992,-1
645529997407457280,0
645530101447200768,1
645530798838431744,0
645531033660690432,1
645531694456422400,0
645531786202714112,0
645532309404299264,0
645532891439431680,0
645533355094642688,0
645534837621850112,0
645536291455549440,1
645536335919378433,-1
645536887281709056,1
645537123668357120,0
645537272683630592,1
645537585213906944,-1
645537947870072833,0
645538122013503488,0
645538763620249606,1
645539175131836416,1
645539220849852416,1
645539299119730688,1
645539396104667136,1
645539856546840576,0
645539953703813120,0
645540143827320832,1
645540207782064136,0
645540210277748736,0
645540232448733184,0
645540270189232128,1
645540324857634816,0
645541020202045440,0
645541298015895552,1
645541518586085378,0
645541729928642560,1
645542007197163520,0
645542223967334400,1
645543468497010688,0
645543634562060288,1
645543731928649728,0
645543959520014336,-1
645544083449061377,0
645544306728697856,1
645544427201564673,1
645544878571683840,1
645545747702788096,1
645545934147948544,0
645546296456032256,0
645546557060829184,0
645546606259888128,-1
645546751500251136,-1
645546759134031872,1
645546917880012800,0
645547086696554496,0
645548927152852992,0
645549478057873408,0
645549859815194624,1
645550033203425280,0
645550526399123457,1
645550581763977216,1
645550667390689281,0
645550677050195968,1
645551251367833600,1
645551251388788737,-1
645551556645883904,1
645551921919602688,0
645552099476926465,1
645552437911265280,0
645552480361779200,0
645552486548414464,0
645553524370186241,1
645554166040002560,0
645554186021654528,1
645555239312097280,0
645555443117465604,1
645555653960933380,1
645556255948435456,1
645556600271450112,1
645557284224024576,1
645557365853552640,0
645557667314970624,1
645557922655682560,1
645558025424666624,0
645558036002676736,1
645558678020595712,0
645559063913172992,0
645559200161005568,1
645559844972441600,-1
645559897057267712,1
645560359353483264,1
645560368043954177,-1
645560396603129856,1
645562137264418816,0
645562428424634369,1
645562553611997184,0
645562613905158145,1
645563031095767045,1
645563146887819269,-1
645563211580899329,1
645563705074126849,1
645563705191755776,-1
645563777073684480,1
645563909731127296,0
645564103117959168,-1
645564336509952001,1
645564427606036480,1
645564472619368449,0
645564638659244032,0
645564987038154752,1
645565239279382528,1
645565241636466688,0
645565281713135616,0
645566001594109952,1
645566123170267136,1
645566153914347520,0
645566190614642688,1
645567261508567040,0
645567344115191808,1
645567762387984385,1
645568038037790721,0
645568277062807552,1
645568394264215552,0
645568703262814208,1
645568811576500224,1
645568841687371776,-1
645569850815856640,1
645570400987009024,0
645570597716643840,0
645570737802244096,0
645571119127265282,-1
645571323218030592,1
645571410614747136,1
645571892020183040,0
645572190268751872,0
645572346070331392,0
645573238014275584,0
645573963188338688,1
645574625636843521,1
645575372642353152,0
645575403348738049,-1
645575515517153280,1
645575720463241216,-1
645575830169497601,-1
645575989456572416,0
645576131937091584,1
645576222844452867,0
645577391981613056,-1
645578097803182080,0
645579159335399424,-1
645579961118519296,0
645579968286695424,1
645580894716194816,1
645581285197524992,0
645581785678508032,0
645581964666372097,1
645582625663524864,0
645582820094578688,-1
645583142594723840,1
645583155278184448,0
645584351615393792,1
645584415578529792,1
645585144888168448,-1
645586131728343040,1
645586204138713088,1
645586851366109184,0
645586882454159360,1
645587031075065856,0
645587856761577473,-1
645589272855216128,1
645590331283632128,0
645592614226411521,1
645592662335074305,1
645593028661395456,1
645593092960092160,1
645593158890340352,1
645593223964942336,0
645593929753063425,1
645595208583741440,1
645595823267418112,-1
645596441713377280,1
645597068732444672,1
645597551052255232,0
645597719508054017,0
645597896759476227,1
645598384527568896,1
645598427817111552,1
645599435146293248,-1
645600089935900672,0
645601614255030272,0
645602029872648192,0
645603855506538496,0
645607244826996736,1
645607797673988096,0
645608426836492288,0
645608505441951744,0
645608804390866944,1
645612890012127232,1
645613497905213441,0
645613922028904448,0
645615157381500928,0
645615420465106944,0
645615505315725312,1
645618824398528512,0
645625459288338432,-1
645631307955900416,-1
645632717145567232,0
645636752426668032,0
645641529764278272,1
645642617028411392,0
645655452571856896,1
645655627654635520,0
645665582726160384,0
645667518959497216,0
645674377024000002,1
645686826464743424,0
645688757111390208,1
645690814882930688,1
645690869731844098,1
645691152398548992,0
645692360135864320,0
645698285190057984,-1
645700037591207937,0
645701156371501057,1
645701508730740740,-1
645701528158793728,0
645701683339640833,1
645704111757770754,-1
645704347184041984,0
645706623961272321,1
645707716279668741,1
645707928758976513,-1
645708300516851713,1
645708902730829824,1
645709357808680960,0
645710051060023298,1
645710185307115520,0
645710540552015872,0
645710803446796288,1
645710903409676288,1
645711572443115520,1
645711815171674114,0
645712435588927490,0
645712686492192768,0
645713572119511040,1
645715044336951296,-1
645715449288728580,1
645715576275402752,0
645717165845299200,0
645717370388938752,-1
645718052051415040,0
645718753444016128,0
645718798847373312,0
645719738211958784,0
645719873813905408,1
645720208380825600,0
645720250529386496,1
645720397535670272,1
645720419341766656,1
645721113104773120,0
645721635299811328,1
645721652668579841,1
645722514761515008,0
645722525012328448,1
645722680306438144,-1
645723071505039360,1
645723290925989888,0
645723700445224960,0
645723988946235393,0
645724487372050432,1
645724921960660992,1
645725592797626368,0
645725932389437440,0
645726815999275008,1
645727081528229888,1
645728052262096897,0
645729844148486145,0
645731332476301312,1
645731865316458496,1
645732041791672320,1
645732345606197248,1
645732984423776256,1
645733303652257794,0
645733655793430528,0
645733676236431360,-1
645734550270775296,1
645734798871396356,1
645734884682649604,1
645735119416918016,0
645735382789677056,1
645735512624381952,-1
645736162540126208,0
645736365393514496,-1
645736932341886976,1
645737542193537024,-1
645738250271768576,1
645738961483210752,0
645739028805881856,0
645739153846484993,0
645739167113019392,0
645739498203168768,0
645739516922318848,1
645739745834696704,0
645739989330857984,0
645740205144567808,0
645740581583368192,0
645741436999069697,1
645741496075862016,0
645741959278030852,0
645742251977539588,0
645742475332726784,1
645742534468112384,0
645742586636992512,1
645742590336233472,1
645742849372332033,0
645742979571822593,0
645743538139873280,1
645743839311851520,0
645744914160992256,1
645745489388814336,-1
645745532065972225,0
645745626932641792,0
645745988376875008,0
645746163828830208,1
645746483787132928,1
645747212702486530,1
645747864661065728,0
645748140847460352,1
645748659380813824,0
645749346177294336,1
645750057958924290,1
645750320820260866,1
645750397739495424,0
645750865052110848,1
645751024699904000,1
645751790227468288,0
645751848884928512,0
645751996646072320,0
645752152346898432,0
645752218864369664,-1
645753251325804544,1
645753525146791936,1
645753527378153472,1
645754053234810880,0
645754683592609792,0
645755125655404544,1
645755949232300032,0
645756292468998145,0
645756658426101760,-1
645756736704397312,0
645758181667401732,1
645758191402356736,1
645758892287332352,0
645759570191605761,0
645760265502478336,0
645760283059707904,0
645760547099545600,1
645760560525647872,0
645761711660756992,0
645762254143488000,1
645762333835403264,-1
645762880181145601,1
645762926956015616,0
645765143729606657,0
645765524563951616,0
645765660711219201,1
645765756085510144,0
645765781037445121,0
645766011254272000,1
645766482241040384,1
645766691654205440,1
645766699292209152,0
645767056239890432,1
645767099042955264,0
645768128987684864,0
645768392654229504,0
645769123130163201,-1
645769239148797952,1
645769622709510144,0
645769677172551680,0
645771572997963776,1
645771769446404097,1
645771982378696705,-1
645772092210835456,0
645772579781873664,0
645773370672435200,1
645773801347616768,0
645773959959437312,0
645775897971159040,1
645775900299149313,1
645776066129362944,1
645776519357292544,1
645777216605786112,0
645777570437427200,1
645777713626791936,0
645777854295179264,0
645777898385739776,0
645778142326620160,0
645778188707106816,0
645779272267726849,0
645780683445530624,0
645780770808832000,0
645780842715852801,-1
645780857970630659,0
645781503327080448,0
645781604133027840,1
645781791756849152,1
645782567908675584,0
645782627501363200,0
645782872041889793,1
645783195749871616,1
645783216138260480,-1
645785675896197126,0
645785699891834880,-1
645786861143625729,0
645787715254878209,0
645789219508613120,1
645790548410789888,0
645790881442717696,0
645791291264102401,-1
645791744672563200,1
645792962576826369,1
645793280391712768,1
645793320522813440,1
645793352198307840,0
645793845855174657,1
645793903921266688,1
645794125653127168,0
645794196494745600,0
645794210801676288,1
645794694815846400,0
645794993290932225,0
645795532888219648,0
645796062771417088,0
645797198224093184,0
645797288103821312,1
645798581274710016,1
645799264451477505,1
645800848254103552,0
645800893804212225,0
645801272923320320,0
645801304573407232,0
645801900043051009,1
645802042372526081,0
645803607477063680,1
645803635436298240,1
645804473705738240,1
645805164712951812,0
645805530758385664,1
645805619908206592,0
645806021273853952,0
645807721531355136,0
645807870387294208,1
645808450035929088,0
645808516863758337,0
645808846649298944,1
645810316635447296,0
645810465667346432,0
645810516552716288,0
645810988181233664,0
645812234900344832,0
645813573990674432,0
645813746074537984,0
645814150904442880,0
645814589519560704,0
645816582195838976,1
645816766409646081,1
645816904066707456,0
645817471836950528,1
645817496071741440,0
645817622710325248,0
645817874670583808,1
645817928982659072,0
645818167433035776,0
645818985070522369,-1
645819899000950784,0
645820399104622593,1
645820757725941760,-1
645821157338288132,-1
645821698420244480,-1
645821750069063680,0
645821940515516416,-1
645822749898706944,0
645822972536619008,0
645823125616111616,1
645823536527974401,0
645825508362469376,0
645825670514405379,0
645825674842783744,0
645826662819565569,1
645826941661118464,0
645827329651015680,0
645827375607975937,0
645828090711678976,1
645828105068675072,-1
645828540756176896,0
645828611761696768,0
645829752410914816,0
645830928598716416,1
645830964686508032,1
645832216967258112,1
645833217174585344,0
645833315539283969,-1
645833813155672064,-1
645833984711114752,0
645834555073540096,0
645834723651121152,1
645835280797138945,1
645837431871262720,0
645838278550163456,1
645838670499594240,0
645839752491470848,0
645841431244881920,0
645841843863822336,1
645842801628983296,1
645843115287408640,0
645843148866850817,-1
645844353777274880,0
645844927474069505,0
645845187156160512,1
645845257528176640,0
645856032678395904,0
645856293408931840,1
645857338809839616,0
645857366567690240,0
645859248199614464,0
645859404844298240,1
645859505620672513,1
645859653239226369,0
645861306311045120,0
645862337233027072,0
645864245700128768,1
645864753756262400,1
645865034753703936,1
645865109865275392,0
645865194862718977,0
645865220913500160,0
645865494671593472,0
645865633805168640,1
645865748670234624,1
645865939607486464,1
645866615469293570,0
645867620227502080,0
645867781108297728,0
645868175255408640,0
645869362180681728,1
645869824195862528,1
645869934895980544,0
645870227436113920,0
645870280062148608,1
645870983249833984,0
645871390977978368,0
645872178957819904,-1
645872257869418497,1
645872821873344513,1
645873415107297280,1
645875048461414401,0
645875091570597888,0
645875348266201088,0
645875360270188544,0
645875532991561728,0
645877212420415488,0
645877434907127808,1
645877717338996736,0
645877933064744960,0
645878133925785601,0
645878400876331008,0
645878730930294784,0
645879987493470208,1
645880190300758016,0
645881446389936128,1
645881576841211904,0
645881687197532160,0
645882329261604864,0
645884171446034432,1
645884295064612864,0
645884676712886272,1
645884769322991617,1
645885369263632384,1
645885397403234304,0
645885655264833541,1
645885676630749185,0
645886269306875905,0
645886707649241088,0
645886886465040385,1
645887754539106304,0
645888008126763008,-1
645888238746513408,0
645888268559519744,0
645888670034083840,0
645888773088153600,0
645889195500683264,0
645889223766188032,1
645889376388452352,1
645889552045858816,1
645889599072522240,0
645889600179691520,0
645889905290145792,0
645890839055458305,0
645890891375341568,1
645891371308486656,-1
645891657959763970,0
645891703518326784,0
645891742579953664,1
645892143467200512,0
645892239277731840,0
645892302838194176,1
645892712315555841,1
645892855618146304,0
645892871309033472,0
645893039005691904,-1
645893489494990848,1
645893666691661824,0
645894061329485824,1
645894126962130945,1
645894986672697344,1
645895301597794304,0
645895356505452544,0
645896118815973376,0
645896121672339456,0
645896337028988928,1
645896474694426624,1
645896700163424256,0
645896744115421184,0
645899845077729280,1
645899900731936768,1
645899996362088448,1
645900020835876864,0
645900066083966976,1
645900184564596736,0
645900295872995328,-1
645900666422956032,0
645901224290709504,1
645901418596069376,1
645901736901787648,0
645901926152994816,0
645902148702703616,0
645902211097227264,0
645902269578412032,1
645902944458686469,1
645903582458478592,1
645904601246380033,0
645905299581333504,1
645906050462302208,1
645907521631334400,0
645907547300478977,0
645907579512578049,0
645908351080099840,1
645909256470839298,0
645909716762099712,0
645910131985674245,-1
645910427650555904,-1
645910660660989952,0
645911044557262849,0
645911170549846016,0
645911443318042624,0
645911526944075776,0
645911567968698368,0
645911724793667584,1
645912102989860864,1
645912457735598080,-1
645912896031993856,-1
645912927304855552,0
645913420198342656,1
645913533314674688,-1
645913864895352832,0
645914262049718272,0
645914611015745536,-1
645914796940898304,0
645915478611881984,1
645915508592799744,0
645915730060292097,0
645915937846112257,0
645916240268034048,-1
645916437182328832,1
645916827814596608,0
645917340110970886,-1
645917422231293952,1
645917583665827844,1
645918152052752384,0
645918332357582848,0
645918748839428097,0
645919486097424384,1
645919750942404608,-1
645919761738547200,-1
645919769862901760,0
645920294482395137,-1
645920506827247616,-1
645920896759128064,1
645922198297772033,0
645923350447939585,-1
645924775848599552,1
645924882887348224,1
645925007424663552,0
645925419183681536,0
645925659093524480,0
645927551106482176,0
645928353908699136,0
645929217134194688,1
645930336828784640,1
645930459940032512,0
645931883939794944,-1
645931964755632128,0
645932129814245376,0
645932350136647680,0
645932527627034625,0
645932613237088256,0
645932652327923713,1
645933039525101569,1
645933367720972288,1
645933745845833728,1
645934473146560512,-1
645934555539488768,0
645934812008607745,0
645935498544812032,1
645978470472941572,0
645979556139151360,0
645981003874443266,0
645981896418050048,0
645982920155525120,0
645985937453924356,1
645990149533339648,1
646000819108749312,1
646017842869989376,0
646019472701059073,-1
646031719900950528,0
646032659081129984,-1
646036757582974976,1
646037197624217600,1
646041056421801984,0
646041141633138689,0
646047106378035201,-1
646047137705394176,1
646054605294542848,0
646056190187827202,1
646057592310001665,-1
646059255175467008,0
646059437031985152,0
646060167457431553,1
646062320838291456,1
646062696538996736,1
646065019193438208,0
646066126418382848,0
646069473103998976,0
646070226992369664,0
646070996169048065,0
646071298028761088,0
646071980597317632,1
646072243965947905,0
646073379557126144,0
646073492010479616,0
646075351274233856,0
646076102402834432,0
646077179177136128,0
646077816476336128,1
646078034533965824,0
646155807671742464,1
646155841041633280,1
646194279434616832,0
646195645577957376,1
646195738276462593,1
646196466462105600,1
646196794859384832,0
646197016540790784,0
646197984074559488,0
646198875947184128,0
646198919316283392,1
646199602836865024,1
646200321694408704,0
646200770669490177,0
646201882306871296,1
646205234373484545,1
646205415449980928,0
646205747332673536,0
646205946482569216,0
646206359294246912,1
646206611602698240,1
646207312743542784,0
646207345077452800,-1
646207459237859328,0
646209122392776704,1
646209364701917184,1
646209921483177984,1
646210224257273856,-1
646210658162241536,0
646211294953996288,0
646211951656235008,-1
646213156201566208,-1
646213282483712001,0
646213564533882880,0
646213979879145472,1
646214607451897856,0
646214897047609344,0
646215240988803076,-1
646215619382263808,1
646216050111983617,0
646216646307110913,1
646217138504536065,0
646217338782543872,0
646217848206004224,-1
646217879491354624,0
646219798720851968,0
646219863988408320,-1
646220635048439808,0
646220984731758592,0
646221259110510592,1
646221435803824128,0
646221748409470977,0
646222112605229056,1
646225155409215492,1
646225548881084416,0
646225738052583424,1
646225768998043648,1
646225803932487680,1
646225905560383489,0
646226654499508224,0
646226865930113024,0
646226964374622209,0
646227234970169344,1
646228334385451008,1
646228385006358528,1
646228429424173056,0
646228816323604480,1
646229265726468096,1
646229288316874752,0
646229767948124160,0
646229887385145344,0
646229948185899008,0
646230128918425600,1
646230748878503936,1
646231097672642560,0
646231831965237248,0
646232252507123712,0
646232606950998016,1
646233158002851840,0
646234295615533056,0
646235103606272000,1
646235238041948161,0
646235775818989568,1
646236335892733952,1
646236565186998272,1
646236894272069632,-1
646237823822004224,-1
646238225485328385,1
646238598371672064,-1
646239335495434240,1
646239388670820352,1
646240757276278784,0
646241751741648896,0
646244509479776256,1
646245912709349376,1
646246442718363648,1
646246575711354880,1
646246915131240448,1
646247970061594624,1
646250559234809860,1
646250748372611072,0
646251086513373185,1
646251208118693888,1
646251279442923520,0
646251285717647360,0
646252125547331584,1
646252242283008000,1
646254189530578944,0
646254449112055808,0
646255582601588736,0
646255640684310528,1
646256310015557632,1
646256772466868228,0
646256977874522112,0
646257256946728960,1
646257531665313792,1
646257796145676288,0
646257819507818496,0
646257964429348864,-1
646258781849014272,1
646259658512973824,-1
646259815300247552,-1
646260662117748736,0
646261093329821696,0
646262037660610560,-1
646262829717262336,0
646263004057595904,1
646263038581035008,1
646264705665904640,0
646264853858922496,0
646265969917100032,0
646266168374857728,1
646266638921297920,0
646268454287245312,0
646268700492824576,0
646268761696178176,0
646268976972980224,0
646271409686204416,1
646271852529192960,0
646271895415840768,0
646272031785394176,0
646272197028388864,0
646272260102324225,0
646272381908971520,0
646273179971813376,0
646273205150220291,0
646274104480272388,0
646274486921228292,0
646274830463971328,0
646274979756158976,0
646275387924811776,0
646276061324382208,-1
646276238236086272,1
646277022260432896,0
646277700282396672,0
646278390530621440,0
646278449007427584,0
646280101613731840,0
646280134664830976,0
646281431329599488,0
646282323261001728,0
646283285136445443,1
646283433673662464,0
646283446206119936,1
646284445754855428,0
646284564931809280,0
646285074032410624,0
646285587184488448,0
646286017843044352,1
646286142489403393,1
646286661148647424,1
